"final_hostname","final_ip","_time","final_ip_type","final_ip_subnet_network_type","final_ip_zone","final_ip_zone_location",metisCreatedDate,shortDescription,primarySupportGroup,primaryUsedBy
ti1fe145132,"10.10.145.132","2026-01-09T07:00:00.000+0100","Bosch Security Layer",Manufacturing,"MFZ-ACL-SL4-TI-645_KRUPP_PRODUCTION_LINE","BE_Ti_Tienen","2025-09-09T14:13:24.000+00:00","M604 PKS-JBA Menger","ITM-ED-Ti CSG","Ludwig Vandermaesen (RBBE/MOE-RB)"
ti1fe145134,"10.10.145.134","2026-01-09T07:00:00.000+0100","Bosch Security Layer",Manufacturing,"MFZ-ACL-SL4-TI-645_KRUPP_PRODUCTION_LINE","BE_Ti_Tienen","2025-09-09T14:13:24.000+00:00","M604 PKS-JBA KKV","ITM-ED-Ti CSG","Ludwig Vandermaesen (RBBE/MOE-RB)"
ti1fe145135,"10.10.145.135","2026-01-09T07:00:00.000+0100","Bosch Security Layer",Manufacturing,"MFZ-ACL-SL4-TI-645_KRUPP_PRODUCTION_LINE","BE_Ti_Tienen","2025-09-09T14:13:24.000+00:00","M604 PKS-JBA Batch Label","ITM-ED-Ti CSG","Ludwig Vandermaesen (RBBE/MOE-RB)"
ti1fe145136,"10.10.145.136","2026-01-09T07:00:00.000+0100","Bosch Security Layer",Manufacturing,"MFZ-ACL-SL4-TI-645_KRUPP_PRODUCTION_LINE","BE_Ti_Tienen","2025-09-09T14:13:24.000+00:00","M604 PKS-JBA Polymer","ITM-ED-Ti CSG","Ludwig Vandermaesen (RBBE/MOE-RB)"
na,"10.10.151.39","2026-01-09T07:00:00.000+0100","Bosch Security Layer",Manufacturing,"MFZ-ACL-SL4-TI-0419_BURGER2","BE_Ti_Tienen","2025-09-09T14:13:24.000+00:00","M691 Buigautomaat 2 bendingline Fes in tray","ITM-ED-Ti CSG","Jurgen Hayen (MA-WS/QMM)"
"ti-x000h","10.10.175.10","2026-01-09T07:00:00.000+0100","Bosch Security Layer",Manufacturing,"MFZ-ACL-SL4-TI-175_BAND_45","BE_Ti_Tienen","2025-09-09T14:13:24.000+00:00","M372 B45 station 15 Fes im Adapter plc","ITM-ED-Ti CSG","Mike De Cuyper (RBBE/MFO-WB)"
"ti-x000i","10.10.175.15","2026-01-09T07:00:00.000+0100","Bosch Security Layer",Manufacturing,"MFZ-ACL-SL4-TI-175_BAND_45","BE_Ti_Tienen","2025-09-09T14:13:24.000+00:00","M372 B45 station 20 USS plc","ITM-ED-Ti CSG","Mike De Cuyper (RBBE/MFO-WB)"
"ti-x000l","10.10.175.22","2026-01-09T07:00:00.000+0100","Bosch Security Layer",Manufacturing,"MFZ-ACL-SL4-TI-175_BAND_45","BE_Ti_Tienen","2025-09-09T14:13:24.000+00:00","M372 B45 station 21 USS plc","ITM-ED-Ti CSG","Mike De Cuyper (RBBE/MFO-WB)"
"ti-x000o","10.10.175.29","2026-01-09T07:00:00.000+0100","Bosch Security Layer",Manufacturing,"MFZ-ACL-SL4-TI-175_BAND_45","BE_Ti_Tienen","2025-09-09T14:13:24.000+00:00","M372 B45 station 22 USS plc","ITM-ED-Ti CSG","Mike De Cuyper (RBBE/MFO-WB)"
"ti-x000r","10.10.175.36","2026-01-09T07:00:00.000+0100","Bosch Security Layer",Manufacturing,"MFZ-ACL-SL4-TI-175_BAND_45","BE_Ti_Tienen","2025-09-09T14:13:24.000+00:00","M372 B45 station 30 Gummi plc","ITM-ED-Ti CSG","Mike De Cuyper (RBBE/MFO-WB)"
"ti-x000u","10.10.175.43","2026-01-09T07:00:00.000+0100","Bosch Security Layer",Manufacturing,"MFZ-ACL-SL4-TI-175_BAND_45","BE_Ti_Tienen","2025-09-09T14:13:24.000+00:00","M372 B45 station 40 HF-Cover plc","ITM-ED-Ti CSG","Mike De Cuyper (RBBE/MFO-WB)"
"ti-x0013","10.10.175.56","2026-01-09T07:00:00.000+0100","Bosch Security Layer",Manufacturing,"MFZ-ACL-SL4-TI-175_BAND_45","BE_Ti_Tienen","2025-09-09T14:13:24.000+00:00","M372 B45 station 50 Spoiler OC plc","ITM-ED-Ti CSG","Mike De Cuyper (RBBE/MFO-WB)"
"ti-x0017","10.10.175.64","2026-01-09T07:00:00.000+0100","Bosch Security Layer",Manufacturing,"MFZ-ACL-SL4-TI-175_BAND_45","BE_Ti_Tienen","2025-09-09T14:13:24.000+00:00","M372 B45 station 55 Endkappe OC plc","ITM-ED-Ti CSG","Mike De Cuyper (RBBE/MFO-WB)"
"ti-x001e","10.10.175.75","2026-01-09T07:00:00.000+0100","Bosch Security Layer",Manufacturing,"MFZ-ACL-SL4-TI-175_BAND_45","BE_Ti_Tienen","2025-09-09T14:13:24.000+00:00","M372 B45 station 60 Spoiler IC plc","ITM-ED-Ti CSG","Mike De Cuyper (RBBE/MFO-WB)"
"ti-x001h","10.10.175.83","2026-01-09T07:00:00.000+0100","Bosch Security Layer",Manufacturing,"MFZ-ACL-SL4-TI-175_BAND_45","BE_Ti_Tienen","2025-09-09T14:13:24.000+00:00","M372 B45 station 65 Endkappe IC plc","ITM-ED-Ti CSG","Mike De Cuyper (RBBE/MFO-WB)"
md1zp010,"10.100.141.209","2026-01-09T07:00:00.000+0100","Bosch Security Layer",Manufacturing,"MFZ-SL4-MD-205_PRODUCTION_USS4L10","ES_Md_Madrid","2025-09-09T14:13:24.000+00:00","PC calibracionSoldadura TKS","ITM-AE-RBEM CSG","Miguel Angel Ramos Serrano (RBEM/TEF3)"
"af-vm001","10.104.160.164","2026-01-09T07:00:00.000+0100","Bosch Security Layer",Server,"LRSZ-SL4-AF-30_SERVER-UNSECURE-VMS","DE_Af_Augsfeld","2025-09-09T14:13:24.000+00:00","Soflex-Server (Produktionsplanung Gehäusefertigung)","ESX Server Service",
"af-vm002","10.104.160.165","2026-01-09T07:00:00.000+0100","Bosch Security Layer",Server,"LRSZ-SL4-AF-30_SERVER-UNSECURE-VMS","DE_Af_Augsfeld","2025-09-09T14:13:24.000+00:00","Soflex-Server (Produktionsplanung Gehäusefertigung)","ESX Server Service",
"af-vm003","10.104.160.166","2026-01-09T07:00:00.000+0100","Bosch Security Layer",Server,"LRSZ-SL4-AF-30_SERVER-UNSECURE-VMS","DE_Af_Augsfeld","2025-09-09T14:13:24.000+00:00","Soflex-Server (Produktionsplanung Gehäusefertigung)","ESX Server Service",
"af-vm004","10.104.160.167","2026-01-09T07:00:00.000+0100","Bosch Security Layer",Server,"LRSZ-SL4-AF-30_SERVER-UNSECURE-VMS","DE_Af_Augsfeld","2025-09-09T14:13:24.000+00:00","Soflex-Server (Produktionsplanung Kolbenfertigung)","ESX Server Service",
"af-00010","10.104.161.202","2026-01-09T07:00:00.000+0100","Bosch Security Layer",Manufacturing,"MFZ-SL4-AF-303_FERTIGUNG-SOFLEX","DE_Af_Augsfeld","2025-09-09T14:13:24.000+00:00","BAZ 1-1 VSP40","ITM-DC-AF-AfP-TEF5 CSG","Peter Nepf (AfP/MOE)"
"af-00011","10.104.161.203","2026-01-09T07:00:00.000+0100","Bosch Security Layer",Manufacturing,"MFZ-SL4-AF-303_FERTIGUNG-SOFLEX","DE_Af_Augsfeld","2025-09-09T14:13:24.000+00:00","BAZ 1-1 VPP40","ITM-DC-AF-AfP-TEF5 CSG","Peter Nepf (AfP/MOE)"
"af-00012","10.104.161.204","2026-01-09T07:00:00.000+0100","Bosch Security Layer",Manufacturing,"MFZ-SL4-AF-303_FERTIGUNG-SOFLEX","DE_Af_Augsfeld","2025-09-09T14:13:24.000+00:00","BAZ 1-2 VSP40","ITM-DC-AF-AfP-TEF5 CSG","Peter Nepf (AfP/MOE)"
"af-00013","10.104.161.205","2026-01-09T07:00:00.000+0100","Bosch Security Layer",Manufacturing,"MFZ-SL4-AF-303_FERTIGUNG-SOFLEX","DE_Af_Augsfeld","2025-09-09T14:13:24.000+00:00","BAZ 1-2 VPP40","ITM-DC-AF-AfP-TEF5 CSG","Peter Nepf (AfP/MOE)"
"af-00014","10.104.161.206","2026-01-09T07:00:00.000+0100","Bosch Security Layer",Manufacturing,"MFZ-SL4-AF-303_FERTIGUNG-SOFLEX","DE_Af_Augsfeld","2025-09-09T14:13:24.000+00:00","BAZ 1-3 VSP40","ITM-DC-AF-AfP-TEF5 CSG","Peter Nepf (AfP/MOE)"
"af-00015","10.104.161.207","2026-01-09T07:00:00.000+0100","Bosch Security Layer",Manufacturing,"MFZ-SL4-AF-303_FERTIGUNG-SOFLEX","DE_Af_Augsfeld","2025-09-09T14:13:24.000+00:00","BAZ 1-3 VPP40","ITM-DC-AF-AfP-TEF5 CSG","Peter Nepf (AfP/MOE)"
"af-00016","10.104.161.208","2026-01-09T07:00:00.000+0100","Bosch Security Layer",Manufacturing,"MFZ-SL4-AF-303_FERTIGUNG-SOFLEX","DE_Af_Augsfeld","2025-09-09T14:13:24.000+00:00","BAZ 1-4 VSP40","ITM-DC-AF-AfP-TEF5 CSG","Peter Nepf (AfP/MOE)"
"af-00017","10.104.161.209","2026-01-09T07:00:00.000+0100","Bosch Security Layer",Manufacturing,"MFZ-SL4-AF-303_FERTIGUNG-SOFLEX","DE_Af_Augsfeld","2025-09-09T14:13:24.000+00:00","BAZ 1-4 VPP40","ITM-DC-AF-AfP-TEF5 CSG","Peter Nepf (AfP/MOE)"
"af-00019","10.104.161.210","2026-01-09T07:00:00.000+0100","Bosch Security Layer",Manufacturing,"MFZ-SL4-AF-303_FERTIGUNG-SOFLEX","DE_Af_Augsfeld","2025-09-09T14:13:24.000+00:00","BAZ 1-5 VPP40","ITM-DC-AF-AfP-TEF5 CSG","Peter Nepf (AfP/MOE)"
"af-00018","10.104.161.211","2026-01-09T07:00:00.000+0100","Bosch Security Layer",Manufacturing,"MFZ-SL4-AF-303_FERTIGUNG-SOFLEX","DE_Af_Augsfeld","2025-09-09T14:13:24.000+00:00","BAZ 1-5 VSP40","ITM-DC-AF-AfP-TEF5 CSG","Peter Nepf (AfP/MOE)"
"af-00020","10.104.161.212","2026-01-09T07:00:00.000+0100","Bosch Security Layer",Manufacturing,"MFZ-SL4-AF-303_FERTIGUNG-SOFLEX","DE_Af_Augsfeld","2025-09-09T14:13:24.000+00:00","Endreinigung Markert 1.2","ITM-DC-AF-AfP-TEF5 CSG","Peter Nepf (AfP/MOE)"
"af-00022","10.104.161.214","2026-01-09T07:00:00.000+0100","Bosch Security Layer",Manufacturing,"MFZ-SL4-AF-303_FERTIGUNG-SOFLEX","DE_Af_Augsfeld","2025-09-09T14:13:24.000+00:00","Rüstplatz Linie 1.2","ITM-DC-AF-AfP-TEF5 CSG","Peter Nepf (AfP/MOE)"
"af-00023","10.104.161.215","2026-01-09T07:00:00.000+0100","Bosch Security Layer",Manufacturing,"MFZ-SL4-AF-303_FERTIGUNG-SOFLEX","DE_Af_Augsfeld","2025-09-09T14:13:24.000+00:00","PalTec TRG1-1 Leitrechner","ITM-DC-AF-AfP-TEF5 CSG","Peter Nepf (AfP/MOE)"
"af-00025","10.104.161.217","2026-01-09T07:00:00.000+0100","Bosch Security Layer",Manufacturing,"MFZ-SL4-AF-303_FERTIGUNG-SOFLEX","DE_Af_Augsfeld","2025-09-09T14:13:24.000+00:00","PalTec TRG2-1 Leitrechner","ITM-DC-AF-AfP-TEF5 CSG","Peter Nepf (AfP/MOE)"
"af-00028","10.104.161.220","2026-01-09T07:00:00.000+0100","Bosch Security Layer",Manufacturing,"MFZ-SL4-AF-303_FERTIGUNG-SOFLEX","DE_Af_Augsfeld","2025-09-09T14:13:24.000+00:00","Vorreinigen Markert 2.1","ITM-DC-AF-AfP-TEF5 CSG","Peter Nepf (AfP/MOE)"
"af-00033","10.104.161.225","2026-01-09T07:00:00.000+0100","Bosch Security Layer",Manufacturing,"MFZ-SL4-AF-303_FERTIGUNG-SOFLEX","DE_Af_Augsfeld","2025-09-09T14:13:24.000+00:00","BAZ 2-3 VPP40","ITM-DC-AF-AfP-TEF5 CSG","Peter Nepf (AfP/MOE)"
"af-00034","10.104.161.226","2026-01-09T07:00:00.000+0100","Bosch Security Layer",Manufacturing,"MFZ-SL4-AF-303_FERTIGUNG-SOFLEX","DE_Af_Augsfeld","2025-09-09T14:13:24.000+00:00","BAZ 2-3 VSP40","ITM-DC-AF-AfP-TEF5 CSG","Peter Nepf (AfP/MOE)"
"af-00035","10.104.161.227","2026-01-09T07:00:00.000+0100","Bosch Security Layer",Manufacturing,"MFZ-SL4-AF-303_FERTIGUNG-SOFLEX","DE_Af_Augsfeld","2025-09-09T14:13:24.000+00:00","BAZ 2-4 VPP40","ITM-DC-AF-AfP-TEF5 CSG","Peter Nepf (AfP/MOE)"
"af-00036","10.104.161.228","2026-01-09T07:00:00.000+0100","Bosch Security Layer",Manufacturing,"MFZ-SL4-AF-303_FERTIGUNG-SOFLEX","DE_Af_Augsfeld","2025-09-09T14:13:24.000+00:00","BAZ 2-4 VSP40","ITM-DC-AF-AfP-TEF5 CSG","Peter Nepf (AfP/MOE)"
"af-00037","10.104.161.229","2026-01-09T07:00:00.000+0100","Bosch Security Layer",Manufacturing,"MFZ-SL4-AF-303_FERTIGUNG-SOFLEX","DE_Af_Augsfeld","2025-09-09T14:13:24.000+00:00","BAZ 2-5 VPP40","ITM-DC-AF-AfP-TEF5 CSG","Peter Nepf (AfP/MOE)"
"af-00038","10.104.161.230","2026-01-09T07:00:00.000+0100","Bosch Security Layer",Manufacturing,"MFZ-SL4-AF-303_FERTIGUNG-SOFLEX","DE_Af_Augsfeld","2025-09-09T14:13:24.000+00:00","BAZ 2-5 VSP40","ITM-DC-AF-AfP-TEF5 CSG","Peter Nepf (AfP/MOE)"
"af-00041","10.104.161.233","2026-01-09T07:00:00.000+0100","Bosch Security Layer",Manufacturing,"MFZ-SL4-AF-303_FERTIGUNG-SOFLEX","DE_Af_Augsfeld","2025-09-09T14:13:24.000+00:00","Endreinigung Markert 2.2","ITM-DC-AF-AfP-TEF5 CSG","Peter Nepf (AfP/MOE)"
"af-00042","10.104.161.234","2026-01-09T07:00:00.000+0100","Bosch Security Layer",Manufacturing,"MFZ-SL4-AF-303_FERTIGUNG-SOFLEX","DE_Af_Augsfeld","2025-09-09T14:13:24.000+00:00","Honmaschine ELHA 2","ITM-DC-AF-AfP-TEF5 CSG","Peter Nepf (AfP/MOE)"
"af-00043","10.104.161.235","2026-01-09T07:00:00.000+0100","Bosch Security Layer",Manufacturing,"MFZ-SL4-AF-303_FERTIGUNG-SOFLEX","DE_Af_Augsfeld","2025-09-09T14:13:24.000+00:00","Honmaschine Messplatz 2","ITM-DC-AF-AfP-TEF5 CSG","Peter Nepf (AfP/MOE)"
"af-00045","10.104.161.237","2026-01-09T07:00:00.000+0100","Bosch Security Layer",Manufacturing,"MFZ-SL4-AF-303_FERTIGUNG-SOFLEX","DE_Af_Augsfeld","2025-09-09T14:13:24.000+00:00","Vorreinigen Markert 1.1","ITM-DC-AF-AfP-TEF5 CSG","Peter Nepf (AfP/MOE)"
"af-00046","10.104.161.238","2026-01-09T07:00:00.000+0100","Bosch Security Layer",Manufacturing,"MFZ-SL4-AF-303_FERTIGUNG-SOFLEX","DE_Af_Augsfeld","2025-09-09T14:13:24.000+00:00","Rüstplatz Linie 2.3","ITM-DC-AF-AfP-TEF5 CSG","Peter Nepf (AfP/MOE)"
"af-00047","10.104.161.239","2026-01-09T07:00:00.000+0100","Bosch Security Layer",Manufacturing,"MFZ-SL4-AF-303_FERTIGUNG-SOFLEX","DE_Af_Augsfeld","2025-09-09T14:13:24.000+00:00","Rüstplatz Linie 2.4","ITM-DC-AF-AfP-TEF5 CSG","Peter Nepf (AfP/MOE)"
"af-00048","10.104.161.240","2026-01-09T07:00:00.000+0100","Bosch Security Layer",Manufacturing,"MFZ-SL4-AF-303_FERTIGUNG-SOFLEX","DE_Af_Augsfeld","2025-09-09T14:13:24.000+00:00","Rüstplatz Linie 1.3","ITM-DC-AF-AfP-TEF5 CSG","Peter Nepf (AfP/MOE)"
"af-00050","10.104.161.242","2026-01-09T07:00:00.000+0100","Bosch Security Layer",Manufacturing,"MFZ-SL4-AF-303_FERTIGUNG-SOFLEX","DE_Af_Augsfeld","2025-09-09T14:13:24.000+00:00","Honmaschine ELHA 1","ITM-DC-AF-AfP-TEF5 CSG","Peter Nepf (AfP/MOE)"
"af-00051","10.104.161.243","2026-01-09T07:00:00.000+0100","Bosch Security Layer",Manufacturing,"MFZ-SL4-AF-303_FERTIGUNG-SOFLEX","DE_Af_Augsfeld","2025-09-09T14:13:24.000+00:00","Honmaschine Messplatz 1","ITM-DC-AF-AfP-TEF5 CSG","Peter Nepf (AfP/MOE)"
"af-00053","10.104.161.248","2026-01-09T07:00:00.000+0100","Bosch Security Layer",Manufacturing,"MFZ-SL4-AF-303_FERTIGUNG-SOFLEX","DE_Af_Augsfeld","2025-09-09T14:13:24.000+00:00","BAZ 1.6 VSP40","ITM-DC-AF-AfP-TEF5 CSG","Peter Nepf (AfP/MOE)"
"af-00054","10.104.161.249","2026-01-09T07:00:00.000+0100","Bosch Security Layer",Manufacturing,"MFZ-SL4-AF-303_FERTIGUNG-SOFLEX","DE_Af_Augsfeld","2025-09-09T14:13:24.000+00:00","BAZ 1.6 VPP40","ITM-DC-AF-AfP-TEF5 CSG","Peter Nepf (AfP/MOE)"
"af-00055","10.104.161.250","2026-01-09T07:00:00.000+0100","Bosch Security Layer",Manufacturing,"MFZ-SL4-AF-303_FERTIGUNG-SOFLEX","DE_Af_Augsfeld","2025-09-09T14:13:24.000+00:00","BAZ 2.6 VPP40","ITM-DC-AF-AfP-TEF5 CSG","Peter Nepf (AfP/MOE)"
"af-00056","10.104.161.251","2026-01-09T07:00:00.000+0100","Bosch Security Layer",Manufacturing,"MFZ-SL4-AF-303_FERTIGUNG-SOFLEX","DE_Af_Augsfeld","2025-09-09T14:13:24.000+00:00","BAZ 2.6 VSP40","ITM-DC-AF-AfP-TEF5 CSG","Peter Nepf (AfP/MOE)"
"af-y1181","10.104.168.33","2026-01-09T07:00:00.000+0100","Bosch Security Layer",Manufacturing,"MFZ-SL4-AF-300_FERTIGUNG-MOE1","DE_Af_Augsfeld","2025-09-09T14:13:24.000+00:00","Prüfstand RM535 Rechner 1","ITM-DC-AF-AfP-TEF5 CSG","Peter Nepf (AfP/MOE)"
"af-y1182","10.104.168.37","2026-01-09T07:00:00.000+0100","Bosch Security Layer",Manufacturing,"MFZ-SL4-AF-300_FERTIGUNG-MOE1","DE_Af_Augsfeld","2025-09-09T14:13:24.000+00:00","Prüfstand RM535 Rechner 2","ITM-DC-AF-AfP-TEF5 CSG","Peter Nepf (AfP/MOE)"
"af-y1120","10.104.168.42","2026-01-09T07:00:00.000+0100","Bosch Security Layer",Manufacturing,"MFZ-SL4-AF-300_FERTIGUNG-MOE1","DE_Af_Augsfeld","2025-09-09T14:13:24.000+00:00","Kelch Voreinstellgerät","ITM-DC-AF-AfP-TEF5 CSG","Peter Nepf (AfP/MOE)"
"af-x1019","10.104.168.44","2026-01-09T07:00:00.000+0100","Bosch Security Layer",Manufacturing,"MFZ-SL4-AF-300_FERTIGUNG-MOE1","DE_Af_Augsfeld","2025-09-09T14:13:24.000+00:00","Parametrierstation M4","ITM-DC-AF-AfP-TEF5 CSG","Peter Nepf (AfP/MOE)"
"af-y1258","10.104.170.28","2026-01-09T07:00:00.000+0100","Bosch Security Layer",Manufacturing,"MFZ-SL4-AF-301_FERTIGUNG-MOE2","DE_Af_Augsfeld","2025-09-09T14:13:24.000+00:00","Traub TNX65 Nr. 1","ITM-DC-AF-AfP-TEF5 CSG","Peter Nepf (AfP/MOE)"
"af-x1196","10.104.170.47","2026-01-09T07:00:00.000+0100","Bosch Security Layer",Manufacturing,"MFZ-SL4-AF-301_FERTIGUNG-MOE2","DE_Af_Augsfeld","2025-09-09T14:13:24.000+00:00","ATMO SPS Leitrechner L1","ITM-DC-AF-AfP-TEF5 CSG","Peter Nepf (AfP/MOE)"
"af-x1206","10.104.170.48","2026-01-09T07:00:00.000+0100","Bosch Security Layer",Manufacturing,"MFZ-SL4-AF-301_FERTIGUNG-MOE2","DE_Af_Augsfeld","2025-09-09T14:13:24.000+00:00","ATMO SPS Leitrechner L2","ITM-DC-AF-AfP-TEF5 CSG","Peter Nepf (AfP/MOE)"
"af-00007","10.104.170.57","2026-01-09T07:00:00.000+0100","Bosch Security Layer",Manufacturing,"MFZ-SL4-AF-301_FERTIGUNG-MOE2","DE_Af_Augsfeld","2025-09-09T14:13:24.000+00:00","Prüfstand RM674","ITM-DC-AF-AfP-TEF5 CSG","Peter Nepf (AfP/MOE)"
"af-00005","10.104.170.58","2026-01-09T07:00:00.000+0100","Bosch Security Layer",Manufacturing,"MFZ-SL4-AF-301_FERTIGUNG-MOE2","DE_Af_Augsfeld","2025-09-09T14:13:24.000+00:00","Prüfstand B005","ITM-DC-AF-AfP-TEF5 CSG","Peter Nepf (AfP/MOE)"
udi4vm11,"10.109.23.112","2026-01-09T01:00:00.000+0100","Bosch Intranet",Server,NONE,NONE,"2025-09-09T14:13:24.000+00:00","Server for Workflow and Qlik","ESX Server Service",
udi4as01,"10.109.23.117","2026-01-09T06:00:00.000+0100","Bosch Intranet",Server,NONE,NONE,,,,
udi4vm0027,"10.109.23.119","2026-01-08T14:00:00.000+0100","Bosch Intranet",Server,NONE,NONE,"2025-09-09T14:13:24.000+00:00","Server for JSPIDER for Production Orders","ESX Server Service",
udi4vm0024,"10.109.23.96","2026-01-09T07:00:00.000+0100","Bosch Intranet",Server,NONE,NONE,"2025-09-09T14:13:24.000+00:00","Server for JSPIDER for Office","ESX Server Service",
nuef0119,"10.11.180.86","2026-01-09T07:00:00.000+0100","Bosch Security Layer",Manufacturing,"MFZ-SL4-NU-319_NUP1_FERTIGUNGSNETZ_DVE5_BAU142","DE_Nu_Nuernberg","2025-09-09T14:13:24.000+00:00","DV-E5 - Deckellinie / Prozessauswertung, Umwandlung Rechner (NU0C3989) als NonPeacy -noRSA","ITM-PS-NuP1-AM CSG","Florian Buehling (NuP1/MOE31)"
nuef0120,"10.11.181.98","2026-01-08T15:00:00.000+0100","Bosch Security Layer",Manufacturing,"MFZ-SL4-NU-314_NUP1_FERTIGUNGSNETZ_COS_MUSTERBAU_BAU147","DE_Nu_Nuernberg","2025-09-09T14:13:24.000+00:00","COS W7170 Studer Prog.Rechner147/0 -noRSA","ITM-PS-NuP1-TEF CSG","Patrick Weimann (NuP1/MSS)"
htvnp078,"10.11.26.209","2026-01-09T07:00:00.000+0100","Bosch Security Layer",Manufacturing,"MFZ-SL4-HTV-26_MMXSENSORS","HU_Htv_Hatvan","2025-09-09T14:13:24.000+00:00","MMx GR Housing 4 Functiontest","ITM-AE-HTV CSG","Bence Kovacs (HtvP/MSE4.5-P)"
htvnp053,"10.11.26.210","2026-01-09T07:00:00.000+0100","Bosch Security Layer",Manufacturing,"MFZ-SL4-HTV-26_MMXSENSORS","HU_Htv_Hatvan",,,,
htvnp066,"10.11.26.211","2026-01-09T07:00:00.000+0100","Bosch Security Layer",Manufacturing,"MFZ-SL4-HTV-26_MMXSENSORS","HU_Htv_Hatvan",,,,
htvnp054,"10.11.26.213","2026-01-09T07:00:00.000+0100","Bosch Security Layer",Manufacturing,"MFZ-SL4-HTV-26_MMXSENSORS","HU_Htv_Hatvan","2025-09-09T14:13:24.000+00:00","MMx Labeling 4 Finetrimming","ITM-AE-HTV CSG","Bence Kovacs (HtvP/MSE4.5-P)"
na,"10.11.26.95","2026-01-09T07:00:00.000+0100","Bosch Security Layer",Manufacturing,"MFZ-SL4-HTV-26_MMXSENSORS","HU_Htv_Hatvan","2025-09-09T14:13:24.000+00:00","MMx C12 Testchamber","ITM-AE-HTV CSG","Bence Kovacs (HtvP/MSE4.5-P)"
na,"10.11.26.96","2026-01-09T07:00:00.000+0100","Bosch Security Layer",Manufacturing,"MFZ-SL4-HTV-26_MMXSENSORS","HU_Htv_Hatvan","2025-09-09T14:13:24.000+00:00","MMx C11 Testchamber","ITM-AE-HTV CSG","Bence Kovacs (HtvP/MSE4.5-P)"
na,"10.11.26.96","2026-01-09T07:00:00.000+0100","Bosch Security Layer",Manufacturing,"MFZ-SL4-HTV-26_MMXSENSORS","HU_Htv_Hatvan","2025-09-13T03:03:34.000+00:00",,,
na,"10.11.26.97","2026-01-09T07:00:00.000+0100","Bosch Security Layer",Manufacturing,"MFZ-SL4-HTV-26_MMXSENSORS","HU_Htv_Hatvan","2025-09-09T14:13:24.000+00:00","MMx C10 Testchamber","ITM-AE-HTV CSG","Bence Kovacs (HtvP/MSE4.5-P)"
na,"10.11.26.98","2026-01-09T07:00:00.000+0100","Bosch Security Layer",Manufacturing,"MFZ-SL4-HTV-26_MMXSENSORS","HU_Htv_Hatvan","2025-09-09T14:13:24.000+00:00","MMx C09 Testchamber","ITM-AE-HTV CSG","Bence Kovacs (HtvP/MSE4.5-P)"
na,"10.11.26.99","2026-01-09T07:00:00.000+0100","Bosch Security Layer",Manufacturing,"MFZ-SL4-HTV-26_MMXSENSORS","HU_Htv_Hatvan","2025-09-09T14:13:24.000+00:00","MMx C04 Testchamber","ITM-AE-HTV CSG","Bence Kovacs (HtvP/MSE4.5-P)"
nntapachet03,"10.111.192.54","2026-01-09T06:00:00.000+0100","Bosch Intranet",Server,NONE,NONE,"2025-09-09T14:13:24.000+00:00","ERP test app server","ESX Server Service",
nntapache08,"10.111.192.57","2026-01-09T07:00:00.000+0100","Bosch Intranet",Server,NONE,NONE,"2025-09-09T14:13:24.000+00:00","ERP APACHE App","ESX Server Service",
"ti-x0031","10.119.56.1","2026-01-09T07:00:00.000+0100","Bosch Security Layer",Manufacturing,"MFZ-ACL-SL4-TI-302_BAND_46","BE_Ti_Tienen","2025-09-09T14:13:24.000+00:00","M386 B46 station 10 Adapter & Fes montage plc","ITM-ED-Ti CSG","Jurgen Hayen (MA-WS/QMM)"
"ti-x0035","10.119.56.10","2026-01-09T07:00:00.000+0100","Bosch Security Layer",Manufacturing,"MFZ-ACL-SL4-TI-302_BAND_46","BE_Ti_Tienen","2025-09-09T14:13:24.000+00:00","M386 B46 station 20 USS VDB 40 plc","ITM-ED-Ti CSG","Jurgen Hayen (MA-WS/QMM)"
"ti-x0038","10.119.56.18","2026-01-09T07:00:00.000+0100","Bosch Security Layer",Manufacturing,"MFZ-ACL-SL4-TI-302_BAND_46","BE_Ti_Tienen","2025-09-09T14:13:24.000+00:00","M386 B46 station 21 USS VDB 40 plc","ITM-ED-Ti CSG","Jurgen Hayen (MA-WS/QMM)"
"ti-x003b","10.119.56.26","2026-01-09T07:00:00.000+0100","Bosch Security Layer",Manufacturing,"MFZ-ACL-SL4-TI-302_BAND_46","BE_Ti_Tienen","2025-09-09T14:13:24.000+00:00","M386 B46 station 30 Gummi plc","ITM-ED-Ti CSG","Jurgen Hayen (MA-WS/QMM)"
"ti-x003f","10.119.56.35","2026-01-09T07:00:00.000+0100","Bosch Security Layer",Manufacturing,"MFZ-ACL-SL4-TI-302_BAND_46","BE_Ti_Tienen","2025-09-09T14:13:24.000+00:00","M386 B46 station 50 Spoiler OC plc","ITM-ED-Ti CSG","Jurgen Hayen (MA-WS/QMM)"
"ti-x003k","10.119.56.45","2026-01-09T07:00:00.000+0100","Bosch Security Layer",Manufacturing,"MFZ-ACL-SL4-TI-302_BAND_46","BE_Ti_Tienen","2025-09-09T14:13:24.000+00:00","M386 B46 station 60 Endkappe OC plc","ITM-ED-Ti CSG","Jurgen Hayen (MA-WS/QMM)"
"ti-x003z","10.119.56.63","2026-01-09T07:00:00.000+0100","Bosch Security Layer",Manufacturing,"MFZ-ACL-SL4-TI-302_BAND_46","BE_Ti_Tienen","2025-09-09T14:13:24.000+00:00","M386 B46 station 70 HF-Cover plc","ITM-ED-Ti CSG","Jurgen Hayen (MA-WS/QMM)"
"ti-x004t","10.119.58.12","2026-01-09T07:00:00.000+0100","Bosch Security Layer",Manufacturing,"MFZ-ACL-SL4-TI-306_BAND_47","BE_Ti_Tienen","2025-09-09T14:13:24.000+00:00","M390 B47 station 20 USS plc","ITM-ED-Ti CSG","Mike De Cuyper (RBBE/MFO-WB)"
"ti-x0072","10.119.58.135","2026-01-09T07:00:00.000+0100","Bosch Security Layer",Manufacturing,"MFZ-ACL-SL4-TI-307_BAND_48","BE_Ti_Tienen","2025-09-09T14:13:24.000+00:00","M394 B48 station 20 USS plc","ITM-ED-Ti CSG","Mike De Cuyper (RBBE/MFO-WB)"
"ti-x0075","10.119.58.138","2026-01-09T07:00:00.000+0100","Bosch Security Layer",Manufacturing,"MFZ-ACL-SL4-TI-307_BAND_48","BE_Ti_Tienen","2025-09-09T14:13:24.000+00:00","M394 B48 station 21 USS plc","ITM-ED-Ti CSG","Mike De Cuyper (RBBE/MFO-WB)"
"ti-x0078","10.119.58.141","2026-01-09T07:00:00.000+0100","Bosch Security Layer",Manufacturing,"MFZ-ACL-SL4-TI-307_BAND_48","BE_Ti_Tienen","2025-09-09T14:13:24.000+00:00","M394 B48 station 30 Gummi plc","ITM-ED-Ti CSG","Mike De Cuyper (RBBE/MFO-WB)"
"ti-x007c","10.119.58.145","2026-01-09T07:00:00.000+0100","Bosch Security Layer",Manufacturing,"MFZ-ACL-SL4-TI-307_BAND_48","BE_Ti_Tienen","2025-09-09T14:13:24.000+00:00","M394 B48 station 50 Spoiler OC plc","ITM-ED-Ti CSG","Mike De Cuyper (RBBE/MFO-WB)"
"ti-x007i","10.119.58.150","2026-01-09T07:00:00.000+0100","Bosch Security Layer",Manufacturing,"MFZ-ACL-SL4-TI-307_BAND_48","BE_Ti_Tienen","2025-09-09T14:13:24.000+00:00","M394 B48 station 60 Endkappe OC plc","ITM-ED-Ti CSG","Mike De Cuyper (RBBE/MFO-WB)"
"ti-x007y","10.119.58.165","2026-01-09T07:00:00.000+0100","Bosch Security Layer",Manufacturing,"MFZ-ACL-SL4-TI-307_BAND_48","BE_Ti_Tienen","2025-09-09T14:13:24.000+00:00","M394 B48 station 70 HF-Cover plc","ITM-ED-Ti CSG","Mike De Cuyper (RBBE/MFO-WB)"
"ti-x004w","10.119.58.19","2026-01-09T07:00:00.000+0100","Bosch Security Layer",Manufacturing,"MFZ-ACL-SL4-TI-306_BAND_47","BE_Ti_Tienen","2025-09-09T14:13:24.000+00:00","M390 B47 station 21 USS plc","ITM-ED-Ti CSG","Mike De Cuyper (RBBE/MFO-WB)"
"ti-x004z","10.119.58.26","2026-01-09T07:00:00.000+0100","Bosch Security Layer",Manufacturing,"MFZ-ACL-SL4-TI-306_BAND_47","BE_Ti_Tienen","2025-09-09T14:13:24.000+00:00","M390 B47 station 30 Gummi plc","ITM-ED-Ti CSG","Mike De Cuyper (RBBE/MFO-WB)"
"ti-x0053","10.119.58.34","2026-01-09T07:00:00.000+0100","Bosch Security Layer",Manufacturing,"MFZ-ACL-SL4-TI-306_BAND_47","BE_Ti_Tienen","2025-09-09T14:13:24.000+00:00","M390 B47 station 50 Spoiler OC plc","ITM-ED-Ti CSG","Mike De Cuyper (RBBE/MFO-WB)"
"ti-x004p","10.119.58.4","2026-01-09T07:00:00.000+0100","Bosch Security Layer",Manufacturing,"MFZ-ACL-SL4-TI-306_BAND_47","BE_Ti_Tienen","2025-09-09T14:13:24.000+00:00","M390 B47 station 10 Adapter & Fes montage plc","ITM-ED-Ti CSG","Mike De Cuyper (RBBE/MFO-WB)"
"ti-x0058","10.119.58.42","2026-01-09T07:00:00.000+0100","Bosch Security Layer",Manufacturing,"MFZ-ACL-SL4-TI-306_BAND_47","BE_Ti_Tienen","2025-09-09T14:13:24.000+00:00","M390 B47 station 60 Endkappe OC plc","ITM-ED-Ti CSG","Mike De Cuyper (RBBE/MFO-WB)"
"ti-x005n","10.119.58.61","2026-01-09T07:00:00.000+0100","Bosch Security Layer",Manufacturing,"MFZ-ACL-SL4-TI-306_BAND_47","BE_Ti_Tienen","2025-09-09T14:13:24.000+00:00","M390 B47 station 70 HF-Cover plc","ITM-ED-Ti CSG","Mike De Cuyper (RBBE/MFO-WB)"
"av-seprod","10.121.194.155","2026-01-08T19:00:00.000+0100","Bosch Intranet",Server,NONE,NONE,"2025-09-09T14:13:24.000+00:00","Local Application Server (P)","ESX Server Service",
"rt-x8682","10.13.236.110","2026-01-09T07:00:00.000+0100","Bosch Security Layer",Manufacturing,"MFZ-SL4-RT-236_RT-ITM-RTP1","DE_Rt_Reutlingen","2025-09-09T14:13:24.000+00:00","Uni_Kammer_Messrechner_68","ITM-AE-RT-RTP1 CSG","Johannes Hollkott (RtP1/MSB-IS1)"
"rt-z01qh","10.13.236.132","2026-01-09T07:00:00.000+0100","Bosch Security Layer",Manufacturing,"MFZ-SL4-RT-236_RT-ITM-RTP1","DE_Rt_Reutlingen","2025-09-09T14:13:24.000+00:00","Uni_Kammer_Messrechner_24","ITM-AE-RT-RTP1 CSG","Johannes Hollkott (RtP1/MSB-IS1)"
"rt-z02mj","10.13.236.146","2026-01-09T07:00:00.000+0100","Bosch Security Layer",Manufacturing,"MFZ-SL4-RT-236_RT-ITM-RTP1","DE_Rt_Reutlingen","2025-09-09T14:13:24.000+00:00","Uni_Kammer_Messrechner_29","ITM-AE-RT-RTP1 CSG","Johannes Hollkott (RtP1/MSB-IS1)"
"rt-z038p","10.13.236.156","2026-01-09T07:00:00.000+0100","Bosch Security Layer",Manufacturing,"MFZ-SL4-RT-236_RT-ITM-RTP1","DE_Rt_Reutlingen","2025-09-09T14:13:24.000+00:00","Uni_Kammer_Messrechner_31","ITM-AE-RT-RTP1 CSG","Johannes Hollkott (RtP1/MSB-IS1)"
"minint-q37gidi","10.13.236.56","2026-01-09T07:00:00.000+0100","Bosch Security Layer",Manufacturing,"MFZ-SL4-RT-236_RT-ITM-RTP1","DE_Rt_Reutlingen",,,,
"minint-389u19g","10.13.236.62","2026-01-08T21:00:00.000+0100","Bosch Security Layer",Manufacturing,"MFZ-SL4-RT-236_RT-ITM-RTP1","DE_Rt_Reutlingen",,,,
"rt-x7932","10.13.236.92","2026-01-09T07:00:00.000+0100","Bosch Security Layer",Manufacturing,"MFZ-SL4-RT-236_RT-ITM-RTP1","DE_Rt_Reutlingen","2025-09-09T14:13:24.000+00:00","Uni_Kammer_Messrechner_61","ITM-AE-RT-RTP1 CSG","Johannes Hollkott (RtP1/MSB-IS1)"
"rt-x7933","10.13.236.98","2026-01-09T07:00:00.000+0100","Bosch Security Layer",Manufacturing,"MFZ-SL4-RT-236_RT-ITM-RTP1","DE_Rt_Reutlingen","2025-09-09T14:13:24.000+00:00","Uni_Kammer_Messrechner_62","ITM-AE-RT-RTP1 CSG","Johannes Hollkott (RtP1/MSB-IS1)"
"rt-x5510","10.13.90.198","2026-01-09T07:00:00.000+0100","Bosch Security Layer",Engineering,"ENZ-SL4-RT-0090_ANLAGENNETZ_UG","DE_Rt_Reutlingen","2025-09-09T14:13:24.000+00:00","n/a","Germany Middle South1","Reiner Krause (ME/QEC-PA1)"
"rt-z02dd","10.13.90.49","2026-01-09T07:00:00.000+0100","Bosch Security Layer",Engineering,"ENZ-SL4-RT-0090_ANLAGENNETZ_UG","DE_Rt_Reutlingen","2025-09-09T14:13:24.000+00:00","n\a","Germany Middle South1","Andreas Sczesny (ME/QEC-PA3)"
an0z1782,"10.15.161.113","2026-01-09T07:00:00.000+0100","Bosch Security Layer",Manufacturing,"MFZ-SL4-AN-206_FERTIGUNGSNETZ_ABS8_ENDMONTAGE_L3_6","DE_An_Ansbach","2025-09-09T14:13:24.000+00:00","n/a","ITM-AE-AnP CSG","Clemens Eiserloh (AnP/MOE2.2)"
an0z1464,"10.15.161.114","2026-01-09T07:00:00.000+0100","Bosch Security Layer",Manufacturing,"MFZ-SL4-AN-206_FERTIGUNGSNETZ_ABS8_ENDMONTAGE_L3_6","DE_An_Ansbach",,,,
an0ns24b,"10.15.171.15","2026-01-09T07:00:00.000+0100","Bosch Security Layer",Manufacturing,"MFZ-SL4-AN-216_FERTIGUNGSNETZ_EHB3_VORMONTAGE","DE_An_Ansbach",,,,
an0z1749,"10.15.180.234","2026-01-09T07:00:00.000+0100","Bosch Security Layer",Manufacturing,"MFZ-SL4-AN-221_FERTIGUNGSNETZ_NOX_ENDMONTAGE_L3_30","DE_An_Ansbach",,,,
an0n0068,"10.15.184.20","2026-01-09T07:00:00.000+0100","Bosch Security Layer",Manufacturing,"MFZ-SL4-AN-225_FERTIGUNGSNETZ_BRECHSTATIONEN","DE_An_Ansbach",,,,
an0n0070,"10.15.184.27","2026-01-09T07:00:00.000+0100","Bosch Security Layer",Manufacturing,"MFZ-SL4-AN-225_FERTIGUNGSNETZ_BRECHSTATIONEN","DE_An_Ansbach",,,,
an0x1383,"10.15.184.4","2026-01-09T07:00:00.000+0100","Bosch Security Layer",Manufacturing,"MFZ-SL4-AN-225_FERTIGUNGSNETZ_BRECHSTATIONEN","DE_An_Ansbach",,,,
"an0n0067-ip3","10.15.184.48","2026-01-09T07:00:00.000+0100","Bosch Security Layer",Manufacturing,"MFZ-SL4-AN-225_FERTIGUNGSNETZ_BRECHSTATIONEN","DE_An_Ansbach",,,,
168802329an0n0094,"10.15.184.82","2026-01-09T07:00:00.000+0100","Bosch Security Layer",Manufacturing,"MFZ-SL4-AN-225_FERTIGUNGSNETZ_BRECHSTATIONEN","DE_An_Ansbach",,,,
nu0x2949,"10.15.212.29","2026-01-09T07:00:00.000+0100","Bosch Security Layer",Manufacturing,"MFZ-SL4-NU-330_NUP1_FERTIGUNGSNETZ_MESSMASCHINEN_BAU142","DE_Nu_Nuernberg","2025-09-09T14:13:24.000+00:00","Mikroskop Axioplan 2 PC2 -noRSA","ITM-PS-NuP1-QMM CSG","Peter Ernst (PS/QMM-NuP1)"
nu0x2950,"10.15.212.30","2026-01-09T07:00:00.000+0100","Bosch Security Layer",Manufacturing,"MFZ-SL4-NU-330_NUP1_FERTIGUNGSNETZ_MESSMASCHINEN_BAU142","DE_Nu_Nuernberg","2025-09-09T14:13:24.000+00:00","Mikroskop Axio Imager PC3 -noRSA","ITM-PS-NuP1-QMM CSG","Peter Ernst (PS/QMM-NuP1)"
nu0x2951,"10.15.212.31","2026-01-09T07:00:00.000+0100","Bosch Security Layer",Manufacturing,"MFZ-SL4-NU-330_NUP1_FERTIGUNGSNETZ_MESSMASCHINEN_BAU142","DE_Nu_Nuernberg","2025-09-09T14:13:24.000+00:00","REM -noRSA","ITM-PS-NuP1-QMM CSG","Peter Ernst (PS/QMM-NuP1)"
batef34qlrzdvb3,"10.15.225.18","2026-01-09T07:00:00.000+0100","Bosch Intranet",Service,NONE,NONE,"2025-09-09T14:13:24.000+00:00","WEB TEF34 Web B QLR Alt","Germany North East2","Rainer Schoberth (PS/MIC2-SMB2-Ba)"
na,"10.16.121.11","2026-01-09T07:00:00.000+0100","Bosch Security Layer",Manufacturing,"MFZ-SL4-BA-983_VLAN-983-FERTIGUNG_BAU401_FMR","DE_Ba_Bamberg","2025-09-09T14:13:24.000+00:00",TV3,"Germany North East2","Melanie Oltenburger (PS/QMM-BaP-W745-B)"
ba0y1018,"10.16.155.10","2026-01-09T07:00:00.000+0100","Bosch Security Layer",Manufacturing,"MFZ-SL4-BA-981_VLAN-981-FERTIGUNG_BAU411_SCHLEIFEREI","DE_Ba_Bamberg","2025-09-09T14:13:24.000+00:00","GS-395016","Germany North East2","Stefan Kloos (BaP/W830-WS)"
ba0pc20024,"10.16.155.11","2026-01-09T07:00:00.000+0100","Bosch Security Layer",Manufacturing,"MFZ-SL4-BA-981_VLAN-981-FERTIGUNG_BAU411_SCHLEIFEREI","DE_Ba_Bamberg","2025-09-09T14:13:24.000+00:00","Hr. Kloos Stefan TTB-Lader1 MAE PC 09-01-0-0-0","Germany North East2","Stefan Kloos (BaP/W830-WS)"
ba0y1027,"10.16.155.12","2026-01-09T07:00:00.000+0100","Bosch Security Layer",Manufacturing,"MFZ-SL4-BA-981_VLAN-981-FERTIGUNG_BAU411_SCHLEIFEREI","DE_Ba_Bamberg","2025-09-09T14:13:24.000+00:00","GS-395016","Germany North East2","Stefan Kloos (BaP/W830-WS)"
ba0pc20025,"10.16.155.13","2026-01-09T07:00:00.000+0100","Bosch Security Layer",Manufacturing,"MFZ-SL4-BA-981_VLAN-981-FERTIGUNG_BAU411_SCHLEIFEREI","DE_Ba_Bamberg","2025-09-09T14:13:24.000+00:00","Hr. Kloos Stefan TTB-Lader2 MAE PC 09-01-0-0-0","Germany North East2","Stefan Kloos (BaP/W830-WS)"
ba0y1026,"10.16.155.14","2026-01-09T07:00:00.000+0100","Bosch Security Layer",Manufacturing,"MFZ-SL4-BA-981_VLAN-981-FERTIGUNG_BAU411_SCHLEIFEREI","DE_Ba_Bamberg","2025-09-09T14:13:24.000+00:00","GS-395016","Germany North East2","Stefan Kloos (BaP/W830-WS)"
ba0pc20463,"10.16.155.15","2026-01-09T07:00:00.000+0100","Bosch Security Layer",Manufacturing,"MFZ-SL4-BA-981_VLAN-981-FERTIGUNG_BAU411_SCHLEIFEREI","DE_Ba_Bamberg","2025-09-09T14:13:24.000+00:00","Hr. Kloos Stefan OKM Messgeraet 09-01-0-0-0","Germany North East2","Stefan Kloos (BaP/W830-WS)"
ba0y1021,"10.16.155.19","2026-01-09T07:00:00.000+0100","Bosch Security Layer",Manufacturing,"MFZ-SL4-BA-981_VLAN-981-FERTIGUNG_BAU411_SCHLEIFEREI","DE_Ba_Bamberg","2025-09-09T14:13:24.000+00:00","Messraum gr. Schreibtisch","Germany North East2","Stefan Kloos (BaP/W830-WS)"
ba0z2228,"10.16.155.32","2026-01-09T07:00:00.000+0100","Bosch Security Layer",Manufacturing,"MFZ-SL4-BA-981_VLAN-981-FERTIGUNG_BAU411_SCHLEIFEREI","DE_Ba_Bamberg","2025-09-09T14:13:24.000+00:00","IPM-Blickle","Germany North East2","Stefan Kloos (BaP/W830-WS)"
ba0pc20613,"10.16.155.33","2026-01-09T07:00:00.000+0100","Bosch Security Layer",Manufacturing,"MFZ-SL4-BA-981_VLAN-981-FERTIGUNG_BAU411_SCHLEIFEREI","DE_Ba_Bamberg","2025-09-09T14:13:24.000+00:00","IPM Messgeraet 09-03-0-1-2","Germany North East2","Stefan Kloos (BaP/W830-WS)"
ba0y1023,"10.16.155.5","2026-01-09T07:00:00.000+0100","Bosch Security Layer",Manufacturing,"MFZ-SL4-BA-981_VLAN-981-FERTIGUNG_BAU411_SCHLEIFEREI","DE_Ba_Bamberg","2025-09-09T14:13:24.000+00:00","GS-395016","Germany North East2","Stefan Kloos (BaP/W830-WS)"
ba0pc6945,"10.16.155.6","2026-01-09T07:00:00.000+0100","Bosch Security Layer",Manufacturing,"MFZ-SL4-BA-981_VLAN-981-FERTIGUNG_BAU411_SCHLEIFEREI","DE_Ba_Bamberg","2025-09-09T14:13:24.000+00:00","Hr. Kloos Stefan 09-01-0-1-2","Germany North East2","Stefan Kloos (BaP/W830-WS)"
ba0y1024,"10.16.155.7","2026-01-09T07:00:00.000+0100","Bosch Security Layer",Manufacturing,"MFZ-SL4-BA-981_VLAN-981-FERTIGUNG_BAU411_SCHLEIFEREI","DE_Ba_Bamberg","2025-09-09T14:13:24.000+00:00","GS-395016","Germany North East2","Stefan Kloos (BaP/W830-WS)"
ba0y1020,"10.16.155.8","2026-01-09T07:00:00.000+0100","Bosch Security Layer",Manufacturing,"MFZ-SL4-BA-981_VLAN-981-FERTIGUNG_BAU411_SCHLEIFEREI","DE_Ba_Bamberg","2025-09-09T14:13:24.000+00:00","GS-395016","Germany North East2","Stefan Kloos (BaP/W830-WS)"
ba0y1028,"10.16.155.9","2026-01-09T07:00:00.000+0100","Bosch Security Layer",Manufacturing,"MFZ-SL4-BA-981_VLAN-981-FERTIGUNG_BAU411_SCHLEIFEREI","DE_Ba_Bamberg","2025-09-09T14:13:24.000+00:00","GS-395016 TTB7","Germany North East2","Stefan Kloos (BaP/W830-WS)"
bidpf37725,"10.166.200.16","2026-01-09T04:00:00.000+0100","Bosch Security Layer",Manufacturing,"MFZ-SL4-BID-0023_PF45-51","IN_Bid_Bidadi","2025-09-09T14:13:24.000+00:00","n\a","Asia/Pacific IN -Ban-","M P Balashankar (BidP1/TEF4)"
an0z1440,"10.17.117.31","2026-01-09T07:00:00.000+0100","Bosch Intranet",Office,NONE,NONE,,,,
an0x5796,"10.17.128.3","2026-01-09T07:00:00.000+0100","Bosch Security Layer",Manufacturing,"MFZ-SL4-AN-258_FERTIGUNGSNETZ_ABS9_L107","DE_An_Ansbach",,,,
an0x4306,"10.17.20.176","2026-01-09T07:00:00.000+0100","Bosch Security Layer",Manufacturing,"MFZ-SL4-AN-238_FERTIGUNGSNETZ_ABS_GEN9_KTL1_LAENGSTAKTSYSTEME","DE_An_Ansbach",,,,
an0nv054,"10.17.21.19","2026-01-09T07:00:00.000+0100","Bosch Security Layer",Manufacturing,"MFZ-SL4-AN-239_FERTIGUNGSNETZ_ABS8_VORMONTAGE_L2_3","DE_An_Ansbach",,,,
an0z1090,"10.17.24.14","2026-01-09T07:00:00.000+0100","Bosch Security Layer",Manufacturing,"MFZ-SL4-AN-242_FERTIGUNGSNETZ_HAL_103","DE_An_Ansbach",,,,
an0x5250,"10.17.37.176","2026-01-09T07:00:00.000+0100","Bosch Security Layer",Manufacturing,"MFZ-SL4-AN-247_FERTIGUNGSNETZ_ABS9_L204_KTL2","DE_An_Ansbach",,,,
an0z2108,"10.17.42.41","2026-01-09T07:00:00.000+0100","Bosch Security Layer",Manufacturing,"MFZ-SL4-AN-252_FERTIGUNGSNETZ_L106","DE_An_Ansbach",,,,
"pg-ut3095c","10.182.135.101","2026-01-09T07:00:00.000+0100","Bosch Security Layer",Manufacturing,"MFZ-SL4-PG-2713_B108L1REDZ01","MY_Pg_Penang","2025-09-09T14:13:24.000+00:00","FCT20_N012","ITM-AE-PgP1 CSG","MOE7PG1 Production PrRBMA (PgP1/TEF7)"
"pg-ut2791c","10.182.135.130","2026-01-09T07:00:00.000+0100","Bosch Security Layer",Manufacturing,"MFZ-SL4-PG-2713_B108L1REDZ01","MY_Pg_Penang",,,,
"pg-ut3512c","10.182.135.148","2026-01-09T07:00:00.000+0100","Bosch Security Layer",Manufacturing,"MFZ-SL4-PG-2713_B108L1REDZ01","MY_Pg_Penang",,,,
"pg-ut2804c","10.182.135.161","2026-01-09T07:00:00.000+0100","Bosch Security Layer",Manufacturing,"MFZ-SL4-PG-2713_B108L1REDZ01","MY_Pg_Penang",,,,
"pg-ut2991c","10.182.135.165","2026-01-09T07:00:00.000+0100","Bosch Security Layer",Manufacturing,"MFZ-SL4-PG-2713_B108L1REDZ01","MY_Pg_Penang",,,,
"pg-ut4220c","10.182.135.225","2026-01-09T07:00:00.000+0100","Bosch Security Layer",Manufacturing,"MFZ-SL4-PG-2713_B108L1REDZ01","MY_Pg_Penang",,,,
na,"10.182.135.237","2026-01-09T07:00:00.000+0100","Bosch Security Layer",Manufacturing,"MFZ-SL4-PG-2713_B108L1REDZ01","MY_Pg_Penang",,,,
"moe3-7002","10.182.136.133","2026-01-09T07:00:00.000+0100","Bosch Security Layer",Manufacturing,"MFZ-SL4-PG-2714_B108L1REDZ02","MY_Pg_Penang","2025-09-09T14:13:24.000+00:00","FCT30_H011","ITM-AE-PgP1 CSG","MOE7PG1 Production PrRBMA (PgP1/TEF7)"
na,"10.182.136.135","2026-01-09T07:00:00.000+0100","Bosch Security Layer",Manufacturing,"MFZ-SL4-PG-2714_B108L1REDZ02","MY_Pg_Penang",,,,
na,"10.182.136.136","2026-01-09T07:00:00.000+0100","Bosch Security Layer",Manufacturing,"MFZ-SL4-PG-2714_B108L1REDZ02","MY_Pg_Penang",,,,
na,"10.182.136.225","2026-01-09T07:00:00.000+0100","Bosch Security Layer",Manufacturing,"MFZ-SL4-PG-2714_B108L1REDZ02","MY_Pg_Penang",,,,
promikst2,"10.225.103.60","2026-01-09T07:00:00.000+0100","Bosch Security Layer",Manufacturing,"MFZ-SL4-JU2-0011_GLOBALA-BCM","MX_Ju2_Juarez_CH","2025-09-09T14:13:24.000+00:00","Flash / PC","ITM-AE-JU-JUP1 CSG","Juan Angel Rascon Valdez (JuP1/MFP71)"
na,"10.225.49.77","2026-01-09T07:00:00.000+0100","Bosch Security Layer",Manufacturing,"MFZ-SL4-AD-251_TCMQMM","US_Ad_Anderson_SC",,,,
na,"10.225.49.78","2026-01-09T07:00:00.000+0100","Bosch Security Layer",Manufacturing,"MFZ-SL4-AD-251_TCMQMM","US_Ad_Anderson_SC",,,,
"ju-3c7c6a","10.225.98.22","2026-01-09T07:00:00.000+0100","Bosch Security Layer",Manufacturing,"MFZ-SL4-JU2-0004_PK3","MX_Ju2_Juarez_CH","2025-09-09T14:13:24.000+00:00","FINAL / PC / TS5400","ITM-AE-JU-JUP1 CSG","Juan Angel Rascon Valdez (JuP1/MFP71)"
na,"10.225.99.86","2026-01-09T07:00:00.000+0100","Bosch Security Layer",Manufacturing,"MFZ-SL4-JU2-0018_ROTAX","MX_Ju2_Juarez_CH","2025-09-09T14:13:24.000+00:00","VERIFICACION CONECTOR / DESKTOP","ITM-AE-JU-JUP1 CSG","Luis Enrique Cordero Villegas (JuP1/MFP51)"
na,"10.226.214.175","2026-01-09T07:00:00.000+0100","Bosch Security Layer",Manufacturing,"MFZ-SL4-JU2-260_PSZ-B203","MX_Ju2_Juarez_CH",,,,
ju1promik301,"10.226.48.117","2026-01-09T07:00:00.000+0100","Bosch Intranet",Office,NONE,NONE,"2025-09-09T14:13:24.000+00:00","Flash / PC","ITM-AE-JU-JUP1 CSG","Hilario Simental Fernandez (JuP1/MFP71)"
ju1promik301,"10.226.48.37","2026-01-09T07:00:00.000+0100","Bosch Intranet",Office,NONE,NONE,,,,
"ju-3b6d0c","10.226.48.60","2026-01-09T07:00:00.000+0100","Bosch Intranet",Office,NONE,NONE,"2025-09-09T14:13:24.000+00:00","LABEL & SCAN / PC","ITM-AE-JU-JUP1 CSG","Hilario Simental Fernandez (JuP1/MFP71)"
na,"10.228.86.38","2026-01-09T07:00:00.000+0100","Bosch Security Layer",Engeneering,"ENZ-SL4-AGU-0016_QMMLAB","MX_Agu_Aguascalientes_AG",,,,
na,"10.228.86.39","2026-01-09T07:00:00.000+0100","Bosch Security Layer",Engeneering,"ENZ-SL4-AGU-0016_QMMLAB","MX_Agu_Aguascalientes_AG",,,,
na,"10.228.86.40","2026-01-09T07:00:00.000+0100","Bosch Security Layer",Engeneering,"ENZ-SL4-AGU-0016_QMMLAB","MX_Agu_Aguascalientes_AG",,,,
na,"10.228.86.41","2026-01-09T07:00:00.000+0100","Bosch Security Layer",Engeneering,"ENZ-SL4-AGU-0016_QMMLAB","MX_Agu_Aguascalientes_AG",,,,
na,"10.228.86.42","2026-01-09T07:00:00.000+0100","Bosch Security Layer",Engeneering,"ENZ-SL4-AGU-0016_QMMLAB","MX_Agu_Aguascalientes_AG",,,,
na,"10.228.86.43","2026-01-09T07:00:00.000+0100","Bosch Security Layer",Engeneering,"ENZ-SL4-AGU-0016_QMMLAB","MX_Agu_Aguascalientes_AG",,,,
na,"10.228.86.46","2026-01-09T07:00:00.000+0100","Bosch Security Layer",Engeneering,"ENZ-SL4-AGU-0016_QMMLAB","MX_Agu_Aguascalientes_AG",,,,
na,"10.228.86.47","2026-01-09T07:00:00.000+0100","Bosch Security Layer",Engeneering,"ENZ-SL4-AGU-0016_QMMLAB","MX_Agu_Aguascalientes_AG",,,,
paprog,"10.24.120.173","2026-01-08T18:00:00.000+0100","Bosch Intranet",Office,NONE,NONE,"2025-09-09T14:13:24.000+00:00","DSP clean room test side Offline RTL","ITM-AE-AdP CSG","Jared Aiken (AdP/TEF3.23)"
paprog,"10.24.120.173","2026-01-08T18:00:00.000+0100","Bosch Intranet",Office,NONE,NONE,"2025-09-09T14:13:24.000+00:00","DSP clean room test side Offline RTL","ITM-AE-AdP CSG","Jared Aiken (AdP/TEF3.23)"
paprog,"10.24.120.173","2026-01-08T18:00:00.000+0100","Bosch Intranet",Office,NONE,NONE,"2025-09-09T14:13:24.000+00:00","DSP clean room test side Offline RTL","ITM-AE-AdP CSG","Jared Aiken (AdP/TEF3.23)"
kw102672,"10.24.177.207","2026-01-09T07:00:00.000+0100","Bosch Intranet",Manufacturing,NONE,NONE,,,,
"hl-z1268","10.28.19.214","2026-01-09T07:00:00.000+0100","Bosch Security Layer",Manufacturing,"MFZ-SL4-HL-0019_SECURE-FLAECHENNETZ-HL101","AT_Hl_Hallein","2025-09-09T14:13:24.000+00:00","Moehwald Pruefstand CRI2000-HQ INV10314","ITM-PS-HlP CSG","Richard Billinger (HlP/MFW11)"
"hl-z2667","10.28.19.232","2026-01-09T07:00:00.000+0100","Bosch Security Layer",Manufacturing,"MFZ-SL4-HL-0019_SECURE-FLAECHENNETZ-HL101","AT_Hl_Hallein","2025-09-09T14:13:24.000+00:00","Trumpf Laser IMA-Anlage INV10652","ITM-PS-HlP CSG","Richard Billinger (HlP/MFW11)"
"hl-z2552","10.28.19.233","2026-01-09T07:00:00.000+0100","Bosch Security Layer",Manufacturing,"MFZ-SL4-HL-0019_SECURE-FLAECHENNETZ-HL101","AT_Hl_Hallein","2025-09-09T14:13:24.000+00:00","Fernwartungsrechner SEC-Lan","Germany South East, Austria2","Stefan Entfellner (HlP/TEF4)"
"hl-z1926","10.28.19.246","2026-01-09T07:00:00.000+0100","Bosch Security Layer",Manufacturing,"MFZ-SL4-HL-0019_SECURE-FLAECHENNETZ-HL101","AT_Hl_Hallein","2025-09-09T14:13:24.000+00:00",INV10589,"ITM-PS-HlP CSG","Alexander Fischer (HlP/MFE12)"
hl22032,"10.28.45.136","2026-01-09T07:00:00.000+0100","Bosch Security Layer",Manufacturing,"MFZ-SL4-HL-0045_SECURE_FLAECHENNETZ_WERK1_HL1XX","AT_Hl_Hallein","2025-09-09T14:13:24.000+00:00","Pruefstand Moehwald Testing","ITM-PS-HlP CSG","Rupert Entfellner (HlP/MFW12)"
"hl-z1984","10.28.46.192","2026-01-08T15:00:00.000+0100","Bosch Security Layer",Manufacturing,"MFZ-SL4-HL-0046_SECURE_FLAECHENNETZ_WERK1_HL2XX","AT_Hl_Hallein","2025-09-09T14:13:24.000+00:00","QMM Pruefstand CRI-2000-Hl","ITM-PS-HlP CSG","Nikolaus Wallinger (PS/QMM1-HlP)"
hl22822,"10.28.47.160","2026-01-09T07:00:00.000+0100","Bosch Security Layer",Manufacturing,"MFZ-SL4-HL-0047_SECURE_FLAECHENNETZ_WERK2_HL5XX","AT_Hl_Hallein","2025-09-09T14:13:24.000+00:00","MAE Zeiss","ITM-PS-HlP CSG","Andreas Lienbacher (HlP/TEF1)"
rt025800,"10.38.120.178","2026-01-09T07:00:00.000+0100","Bosch Security Layer",Manufacturing,"MFZ-SL4-RT-592_RT-ITM-RTP1","DE_Rt_Reutlingen","2025-09-09T14:13:24.000+00:00",2SORXI96,"ITM-AE-RT-RTP1 CSG","Peter Egger (RtP1/MSF-PTI6)"
na,"10.38.120.246","2026-01-09T07:00:00.000+0100","Bosch Security Layer",Manufacturing,"MFZ-SL4-RT-593_RT-ITM-RTP1","DE_Rt_Reutlingen","2025-09-09T14:13:24.000+00:00",1TREXI88,"ITM-AE-RT-RTP1 CSG","Peter Egger (RtP1/MSF-PTI6)"
"rt-x5904","10.38.120.26","2026-01-09T07:00:00.000+0100","Bosch Security Layer",Manufacturing,"MFZ-SL4-RT-590_RT-ITM-RTP1","DE_Rt_Reutlingen","2025-09-09T14:13:24.000+00:00","3LASXL31_Anlagenrechner","ITM-AE-RT-RTP1 CSG","Andreas Hartlieb (RtP1/MSF-EN22)"
"rt-z6598","10.38.120.9","2026-01-09T07:00:00.000+0100","Bosch Security Layer",Manufacturing,"MFZ-SL4-RT-590_RT-ITM-RTP1","DE_Rt_Reutlingen","2025-09-09T14:13:24.000+00:00","n\a","Germany Middle South1","Tobias Hertkorn (RtP1/MFI3)"
"rt-z9770","10.38.121.28","2026-01-09T07:00:00.000+0100","Bosch Security Layer",Manufacturing,"MFZ-SL4-RT-594_RT-ITM-RTP1","DE_Rt_Reutlingen","2025-09-09T14:13:24.000+00:00","n\a","Germany Middle South1","Daniel Mauser (RtP1/MSF-EN23)"
rt025173,"10.38.121.78","2026-01-09T07:00:00.000+0100","Bosch Security Layer",Manufacturing,"MFZ-SL4-RT-595_RT-ITM-RTP1","DE_Rt_Reutlingen","2025-09-09T14:13:24.000+00:00","1OFEXS26_Zellenrechner","ITM-AE-RT-RTP1 CSG","Falk Dietrich (RtP1/MSF-EN11)"
"rt-z3342","10.38.121.83","2026-01-09T07:00:00.000+0100","Bosch Security Layer",Manufacturing,"MFZ-SL4-RT-595_RT-ITM-RTP1","DE_Rt_Reutlingen","2025-09-09T14:13:24.000+00:00","Lenovo TC M55p Tower","Germany Middle South1","Tobias Hertkorn (RtP1/MFI3)"
"rt-z03zn","10.38.139.109","2026-01-09T07:00:00.000+0100","Bosch Security Layer",Manufacturing,"MFZ-SL4-RT-139_RT-ITM-RTP1","DE_Rt_Reutlingen","2025-09-09T14:13:24.000+00:00","XENON_1_Gurter_1_SMP480_Leitrechner","ITM-AE-RT-RTP1 CSG","Kathrin Oesterle (RtP1/MSB-AS)"
"rt-x5910","10.38.14.109","2026-01-09T07:00:00.000+0100","Bosch Security Layer",Manufacturing,"MFZ-SL4-RT-565_RT-ITM-RTP1","DE_Rt_Reutlingen","2025-09-09T14:13:24.000+00:00","Bestuecker_4_Grohmann","ITM-AE-RT-RTP1 CSG","Frank Wochner (RtP1/MSB-IS2)"
"rt-z07cb","10.38.14.112","2026-01-09T07:00:00.000+0100","Bosch Security Layer",Manufacturing,"MFZ-SL4-RT-565_RT-ITM-RTP1","DE_Rt_Reutlingen","2025-09-09T14:13:24.000+00:00","Bestuecker_4_MMX_Kipptisch_Nr.11","ITM-AE-RT-RTP1 CSG","Frank Wochner (RtP1/MSB-IS2)"
"rt-z07db","10.38.14.113","2026-01-09T07:00:00.000+0100","Bosch Security Layer",Manufacturing,"MFZ-SL4-RT-565_RT-ITM-RTP1","DE_Rt_Reutlingen","2025-09-09T14:13:24.000+00:00","Bestuecker_4_MMX_Premold_Funktionsprüfung_Nr.7","ITM-AE-RT-RTP1 CSG","Frank Wochner (RtP1/MSB-IS2)"
"rt-z0nik","10.38.14.132","2026-01-09T07:00:00.000+0100","Bosch Security Layer",Manufacturing,"MFZ-SL4-RT-565_RT-ITM-RTP1","DE_Rt_Reutlingen",,,,
"rt-z01si","10.38.14.133","2026-01-09T07:00:00.000+0100","Bosch Security Layer",Manufacturing,"MFZ-SL4-RT-565_RT-ITM-RTP1","DE_Rt_Reutlingen","2025-09-09T14:13:24.000+00:00","Bestuecker_3_MMX_Premold_Funktionspruefung_Nr.6","ITM-AE-RT-RTP1 CSG","Frank Wochner (RtP1/MSB-IS2)"
"rt-z01sh","10.38.14.134","2026-01-09T07:00:00.000+0100","Bosch Security Layer",Manufacturing,"MFZ-SL4-RT-565_RT-ITM-RTP1","DE_Rt_Reutlingen","2025-09-09T14:13:24.000+00:00","Bestuecker_3_MMX_Premold_Kontaktiertest_Nr.6","ITM-AE-RT-RTP1 CSG","Frank Wochner (RtP1/MSB-IS2)"
"rt-z4246","10.38.14.136","2026-01-09T07:00:00.000+0100","Bosch Security Layer",Manufacturing,"MFZ-SL4-RT-565_RT-ITM-RTP1","DE_Rt_Reutlingen","2025-09-09T14:13:24.000+00:00","Bestücken_2_MM3_Premold_Kontaktiertest_Nr.5","ITM-AE-RT-RTP1 CSG","Johannes Hollkott (RtP1/MSB-IS1)"
"rt-z036l","10.38.14.150","2026-01-09T07:00:00.000+0100","Bosch Security Layer",Manufacturing,"MFZ-SL4-RT-565_RT-ITM-RTP1","DE_Rt_Reutlingen","2025-09-09T14:13:24.000+00:00","Bestuecker_3_Grohmann","ITM-AE-RT-RTP1 CSG","Frank Wochner (RtP1/MSB-IS2)"
"rt-z036l","10.38.14.150","2026-01-09T07:00:00.000+0100","Bosch Security Layer",Manufacturing,"MFZ-SL4-RT-565_RT-ITM-RTP1","DE_Rt_Reutlingen","2025-09-09T14:13:24.000+00:00","Bestuecker_3_Grohmann","ITM-AE-RT-RTP1 CSG","Frank Wochner (RtP1/MSB-IS2)"
"rt-x7031","10.38.14.162","2026-01-09T07:00:00.000+0100","Bosch Security Layer",Manufacturing,"MFZ-SL4-RT-565_RT-ITM-RTP1","DE_Rt_Reutlingen","2025-09-09T14:13:24.000+00:00","Bestücker_5_MMX_Kipptisch_Nr.13","ITM-AE-RT-RTP1 CSG","Frank Wochner (RtP1/MSB-IS2)"
"rt-x7050","10.38.14.163","2026-01-09T07:00:00.000+0100","Bosch Security Layer",Manufacturing,"MFZ-SL4-RT-565_RT-ITM-RTP1","DE_Rt_Reutlingen","2025-09-09T14:13:24.000+00:00","Bestücker_5_Funktionstest","ITM-AE-RT-RTP1 CSG","Frank Wochner (RtP1/MSB-IS2)"
"rt-x7137","10.38.14.164","2026-01-09T07:00:00.000+0100","Bosch Security Layer",Manufacturing,"MFZ-SL4-RT-565_RT-ITM-RTP1","DE_Rt_Reutlingen","2025-09-09T14:13:24.000+00:00","Bestücker_5_Grohmann","ITM-AE-RT-RTP1 CSG","Frank Wochner (RtP1/MSB-IS2)"
"rt-x9354","10.38.14.175","2026-01-09T07:00:00.000+0100","Bosch Security Layer",Manufacturing,"MFZ-SL4-RT-565_RT-ITM-RTP1","DE_Rt_Reutlingen","2025-09-09T14:13:24.000+00:00","MMX_Kipptisch_Nr.16","ITM-AE-RT-RTP1 CSG","Frank Wochner (RtP1/MSB-IS2)"
"rt-x00wf","10.38.14.46","2026-01-09T07:00:00.000+0100","Bosch Security Layer",Manufacturing,"MFZ-SL4-RT-565_RT-ITM-RTP1","DE_Rt_Reutlingen","2025-09-09T14:13:24.000+00:00","Kipptisch_3_Y-Achse_W050","ITM-AE-RT-RTP1 CSG","Johannes Hollkott (RtP1/MSB-IS1)"
"rt-x00wh","10.38.14.50","2026-01-09T07:00:00.000+0100","Bosch Security Layer",Manufacturing,"MFZ-SL4-RT-565_RT-ITM-RTP1","DE_Rt_Reutlingen","2025-09-09T14:13:24.000+00:00","Kipptisch_3_rechts","ITM-AE-RT-RTP1 CSG","Benjamin Hoffmann (RtP1/MSB-IS2)"
"rt-x4258","10.38.14.68","2026-01-09T07:00:00.000+0100","Bosch Security Layer",Manufacturing,"MFZ-SL4-RT-565_RT-ITM-RTP1","DE_Rt_Reutlingen","2025-09-09T14:13:24.000+00:00","Kipptisch_2_Abgleichen_2_X-Achse_W050","ITM-AE-RT-RTP1 CSG","Johannes Hollkott (RtP1/MSB-IS1)"
"rt-x4260","10.38.14.69","2026-01-09T07:00:00.000+0100","Bosch Security Layer",Manufacturing,"MFZ-SL4-RT-565_RT-ITM-RTP1","DE_Rt_Reutlingen","2025-09-09T14:13:24.000+00:00","Kipptisch_2_Abgleichen_2_Y-Achse_W050","ITM-AE-RT-RTP1 CSG","Johannes Hollkott (RtP1/MSB-IS1)"
rt0vm00384,"10.38.219.19","2026-01-09T07:00:00.000+0100","Bosch Intranet",Server,NONE,NONE,"2025-09-09T14:13:24.000+00:00","AECDB system","ESX Server Service",
"rt-gurter10","10.38.222.140","2026-01-09T07:00:00.000+0100","Bosch Security Layer",Manufacturing,"MFZ-SL4-RT-536_RT-ITM-RTP1","DE_Rt_Reutlingen","2025-09-09T14:13:24.000+00:00","BOS_Unigurter_10","ITM-AE-RT-RTP1 CSG","Matthias Ruoff (RtP1/MSB-AS3)"
"rt-gurter17","10.38.222.153","2026-01-09T07:00:00.000+0100","Bosch Security Layer",Manufacturing,"MFZ-SL4-RT-536_RT-ITM-RTP1","DE_Rt_Reutlingen","2025-09-09T14:13:24.000+00:00","BOS_Unigurter_17","ITM-AE-RT-RTP1 CSG","Matthias Ruoff (RtP1/MSB-AS3)"
"rt-gurter17","10.38.222.153","2026-01-09T07:00:00.000+0100","Bosch Security Layer",Manufacturing,"MFZ-SL4-RT-536_RT-ITM-RTP1","DE_Rt_Reutlingen","2025-09-09T14:13:24.000+00:00","BOS_Unigurter_17","ITM-AE-RT-RTP1 CSG","Matthias Ruoff (RtP1/MSB-AS3)"
"rt-gurter22","10.38.222.163","2026-01-09T07:00:00.000+0100","Bosch Security Layer",Manufacturing,"MFZ-SL4-RT-536_RT-ITM-RTP1","DE_Rt_Reutlingen","2025-09-09T14:13:24.000+00:00","BOS_Unigurter_22","ITM-AE-RT-RTP1 CSG","Matthias Ruoff (RtP1/MSB-AS3)"
"rt-gurter34","10.38.222.187","2026-01-09T07:00:00.000+0100","Bosch Security Layer",Manufacturing,"MFZ-SL4-RT-536_RT-ITM-RTP1","DE_Rt_Reutlingen","2025-09-09T14:13:24.000+00:00","ICOS_Gurter_34","ITM-AE-RT-RTP1 CSG","Matthias Ruoff (RtP1/MSB-AS3)"
na,"10.38.50.69","2026-01-09T07:00:00.000+0100","Bosch Security Layer",Manufacturing,"MFZ-SL4-RT-517_RT-ITM-RTP1","DE_Rt_Reutlingen","2025-09-09T14:13:24.000+00:00","Burnin_Remote1","ITM-AE-RT-RTP1 CSG","Roland Ramm (RtP1/MSB-AS2)"
na,"10.38.50.75","2026-01-09T07:00:00.000+0100","Bosch Security Layer",Manufacturing,"MFZ-SL4-RT-517_RT-ITM-RTP1","DE_Rt_Reutlingen","2025-09-09T14:13:24.000+00:00","Burnin_BI14","ITM-AE-RT-RTP1 CSG","Roland Ramm (RtP1/MSB-AS2)"
na,"10.38.50.76","2026-01-09T07:00:00.000+0100","Bosch Security Layer",Manufacturing,"MFZ-SL4-RT-517_RT-ITM-RTP1","DE_Rt_Reutlingen","2025-09-09T14:13:24.000+00:00","Burnin_BI18","ITM-AE-RT-RTP1 CSG","Roland Ramm (RtP1/MSB-AS2)"
na,"10.38.50.78","2026-01-09T07:00:00.000+0100","Bosch Security Layer",Manufacturing,"MFZ-SL4-RT-517_RT-ITM-RTP1","DE_Rt_Reutlingen","2025-09-09T14:13:24.000+00:00","Burnin_BI19","ITM-AE-RT-RTP1 CSG","Roland Ramm (RtP1/MSB-AS2)"
rt090627,"10.38.84.165","2026-01-09T07:00:00.000+0100","Bosch Security Layer",Manufacturing,"MFZ-SL4-RT-598_RT-ITM-RTP1","DE_Rt_Reutlingen","2025-09-09T14:13:24.000+00:00","QT35_Netzrechner","ITM-AE-RT-RTP1 CSG","Christian Renz (RtP1/MSF-PTI3)"
rt091831,"10.38.84.166","2026-01-09T07:00:00.000+0100","Bosch Security Layer",Manufacturing,"MFZ-SL4-RT-598_RT-ITM-RTP1","DE_Rt_Reutlingen","2025-09-09T14:13:24.000+00:00","QT35_2_Messrechner","ITM-AE-RT-RTP1 CSG","Christian Renz (RtP1/MSF-PTI3)"
rt091446,"10.38.87.206","2026-01-09T07:00:00.000+0100","Bosch Security Layer",Manufacturing,"MFZ-SL4-RT-617_RT-ITM-RTP1","DE_Rt_Reutlingen","2025-09-09T14:13:24.000+00:00","QF36_1","ITM-AE-RT-RTP1 CSG","Christian Renz (RtP1/MSF-PTI3)"
ba0x1212,"10.43.164.43","2026-01-09T07:00:00.000+0100","Bosch Security Layer",Manufacturing,"MFZ-SL4-BA-956_VLAN-956-FERTIGUNG_BAU207_AKTOR_ENTWICKLUNG","DE_Ba_Bamberg","2025-09-09T14:13:24.000+00:00","Olympus UC30","Germany North East2","Eugen Hohmann (BaP/MFE-ECR1)"
ji3032,"10.43.8.32","2026-01-09T07:00:00.000+0100","Bosch Intranet",Server,NONE,NONE,,,,
ji3033,"10.43.8.33","2026-01-09T07:00:00.000+0100","Bosch Intranet",Server,NONE,NONE,,,,
ji3037,"10.43.8.37","2026-01-09T07:00:00.000+0100","Bosch Intranet",Server,NONE,NONE,,,,
ji3041,"10.43.8.41","2026-01-09T07:00:00.000+0100","Bosch Intranet",Server,NONE,NONE,,,,
ji3042,"10.43.8.42","2026-01-09T07:00:00.000+0100","Bosch Intranet",Server,NONE,NONE,,,,
htvz8389,"10.44.69.17","2026-01-08T12:00:00.000+0100","Bosch Intranet",RASVPN,NONE,NONE,"2025-09-09T14:13:24.000+00:00","n/a","Germany Middle South5","Markus Firmbach (XC-AS/EAP6-ADA)"
htvz8389,"10.44.69.17","2026-01-08T12:00:00.000+0100","Bosch Intranet",RASVPN,NONE,NONE,"2025-09-09T14:13:24.000+00:00","n/a","Germany Middle North1","Manfred Halbig (DC-IH/ESW4)"
"lo-x6119","10.52.114.46","2026-01-09T07:00:00.000+0100","Bosch Security Layer",Manufacturing,"MFZ-SL4-LO-2703_LO2_MANUFACTURING-LINE-ZONE_B-204","DE_Lo_Lohr","2025-09-09T14:13:24.000+00:00","n\a","Germany Middle North1","Wolfgang Ascherfeld (LoP1/MFV32-4)"
"lo-x11622","10.52.124.190","2026-01-09T07:00:00.000+0100","Bosch Security Layer",Engineering,"ENZ-SL4-LO-2605_LO6_LO601-603-ENZ1-NE","DE_Lo_Lohr","2025-09-09T14:13:24.000+00:00","Lo6-IPC-Lo-X11622-xp01-Visula Layout Editor w. CR5000 f. circuit drawing CAD system f. Zuken","ITE-DC-Lo6-NE CSG","Tim Amersbach (DC-AE/EEO)"
"lo-x11622_xp01","10.52.124.44","2026-01-09T07:00:00.000+0100","Bosch Security Layer",Engineering,"ENZ-SL4-LO-2605_LO6_LO601-603-ENZ1-NE","DE_Lo_Lohr","2025-09-09T14:13:24.000+00:00","Lo6-PC-LO-X11622_xp01-Visula Layout Editor w. CR5000 f. circuit drawing CAD system f. Zuken","ITE-DC-Lo6-NE CSG","Tim Amersbach (DC-AE/EEO)"
"er-1120","10.52.132.6","2026-01-09T07:00:00.000+0100","Bosch Security Layer",Manufacturing,"MFZ-SL4-LO-2703_LO6_FGA_IPC","DE_Lo_Lohr","2025-09-09T14:13:24.000+00:00","LoP2/MOE22, Device Assembly, Data Provision","ITM-DC-LoP2 CSG",
"lo-esv13","10.52.28.150","2026-01-09T07:00:00.000+0100","Bosch Security Layer",Server,"ENZ-SL4-LO-2604_LO6_LO601-EPI1-SRV-NE","DE_Lo_Lohr",,,,
"er-1464","10.52.50.40","2026-01-09T07:00:00.000+0100","Bosch Security Layer",Manufacturing,"MFZ-SL4-LO-2714_LO6_MANUFACTORING-LINE-ZONE_B-610","DE_Lo_Lohr","2025-09-09T14:13:24.000+00:00","LoP2/MOE213, ICT, GenRad 2281","ITM-DC-LoP2 CSG","Jean-Pierre Weisenberger (LoP2/MOE-PCB2)"
"er-z1080","10.52.50.53","2026-01-09T07:00:00.000+0100","Bosch Security Layer",Manufacturing,"MFZ-SL4-LO-2714_LO6_MANUFACTORING-LINE-ZONE_B-610","DE_Lo_Lohr","2025-09-09T14:13:24.000+00:00","LOP2/MOE223, ICT, Test Station","ITM-DC-LoP2 CSG","Rico Dingeldein (LoP2/MOE213)"
"lo-y1039","10.52.53.32","2026-01-08T20:00:00.000+0100","Bosch Security Layer",Manufacturing,"MFZ-SL4-LO-2712_LO6_MANUFACTORING-LINE-ZONE_B-608","DE_Lo_Lohr","2025-09-09T14:13:24.000+00:00","Schleich Tester (lo-y1039)","ITM-DC-LoP2 CSG","Jochen Schaefer (DC-AE/SVC421)"
"lo-y1242","10.52.97.49","2026-01-09T07:00:00.000+0100","Bosch Security Layer",Manufacturing,"MFZ-SL4-LO-2702_LO1_MANUFACTORING-LINE-ZONE_B-101","DE_Lo_Lohr",,,,
"lo-x3146","10.52.98.44","2026-01-09T07:00:00.000+0100","Bosch Security Layer",Manufacturing,"MFZ-SL4-LO-2706_LO1_MANUFACTURING-LINE-ZONE_B-102_AND_B-103","DE_Lo_Lohr","2025-09-15T03:04:33.000+00:00",,,
"lo-y1041","10.52.98.53","2026-01-09T07:00:00.000+0100","Bosch Security Layer",Manufacturing,"MFZ-SL4-LO-2706_LO1_MANUFACTURING-LINE-ZONE_B-102_AND_B-103","DE_Lo_Lohr","2025-09-10T09:22:52.000+00:00",,,
"bj-c-003tv","10.53.227.86","2026-01-08T09:00:00.000+0100","Bosch Intranet","Office_WLAN",NONE,NONE,"2025-09-09T14:13:24.000+00:00","n/a","Central Europe2","Miroslav Kratoska (RBCB/TEF31.1)"
"bj-c-003tv","10.53.227.86","2026-01-08T09:00:00.000+0100","Bosch Intranet","Office_WLAN",NONE,NONE,"2025-09-09T14:13:24.000+00:00","n/a","Central Europe2","Miroslav Kratoska (RBCB/TEF31.1)"
"bj-c-003tv","10.53.227.86","2026-01-08T09:00:00.000+0100","Bosch Intranet","Office_WLAN",NONE,NONE,"2025-09-09T14:13:24.000+00:00","n/a","Central Europe2","Miroslav Kratoska (RBCB/TEF31.1)"
"bj-c-003tv","10.53.227.86","2026-01-08T09:00:00.000+0100","Bosch Intranet","Office_WLAN",NONE,NONE,"2025-09-09T14:13:24.000+00:00","n/a","Central Europe2","Miroslav Kratoska (RBCB/TEF31.1)"
"bj-c-003tv","10.53.227.86","2026-01-08T09:00:00.000+0100","Bosch Intranet","Office_WLAN",NONE,NONE,"2025-09-09T14:13:24.000+00:00","n/a","Central Europe2","Miroslav Kratoska (RBCB/TEF31.1)"
"bj-c-003tv","10.53.227.86","2026-01-08T09:00:00.000+0100","Bosch Intranet","Office_WLAN",NONE,NONE,"2025-09-09T14:13:24.000+00:00","n/a","Central Europe2","Miroslav Kratoska (RBCB/TEF31.1)"
"bj-c-003tv","10.53.227.86","2026-01-08T09:00:00.000+0100","Bosch Intranet","Office_WLAN",NONE,NONE,"2025-09-09T14:13:24.000+00:00","n/a","Central Europe2","Miroslav Kratoska (RBCB/TEF31.1)"
"bj-c-003tv","10.53.227.86","2026-01-08T09:00:00.000+0100","Bosch Intranet","Office_WLAN",NONE,NONE,"2025-09-09T14:13:24.000+00:00","n/a","Central Europe2","Miroslav Kratoska (RBCB/TEF31.1)"
"bj-c-003tv","10.53.227.86","2026-01-08T09:00:00.000+0100","Bosch Intranet","Office_WLAN",NONE,NONE,"2025-09-09T14:13:24.000+00:00","n/a","Central Europe2","Miroslav Kratoska (RBCB/TEF31.1)"
"bj-c-003tv","10.53.227.86","2026-01-08T09:00:00.000+0100","Bosch Intranet","Office_WLAN",NONE,NONE,"2025-09-09T14:13:24.000+00:00","n/a","Central Europe2","Miroslav Kratoska (RBCB/TEF31.1)"
"bj-c-003tv","10.53.227.86","2026-01-08T09:00:00.000+0100","Bosch Intranet","Office_WLAN",NONE,NONE,"2025-09-09T14:13:24.000+00:00","n/a","Central Europe2","Miroslav Kratoska (RBCB/TEF31.1)"
"bj-c-003tv","10.53.227.86","2026-01-08T09:00:00.000+0100","Bosch Intranet","Office_WLAN",NONE,NONE,"2025-09-09T14:13:24.000+00:00","n/a","Central Europe2","Miroslav Kratoska (RBCB/TEF31.1)"
"bj-c-003tv","10.53.227.86","2026-01-08T09:00:00.000+0100","Bosch Intranet","Office_WLAN",NONE,NONE,"2025-09-09T14:13:24.000+00:00","n/a","Central Europe2","Miroslav Kratoska (RBCB/TEF31.1)"
"bj-c-003tv","10.53.227.86","2026-01-08T09:00:00.000+0100","Bosch Intranet","Office_WLAN",NONE,NONE,"2025-09-09T14:13:24.000+00:00","n/a","Central Europe2","Miroslav Kratoska (RBCB/TEF31.1)"
"bj-c-003tv","10.53.227.86","2026-01-08T09:00:00.000+0100","Bosch Intranet","Office_WLAN",NONE,NONE,"2025-09-09T14:13:24.000+00:00","n/a","Central Europe2","Miroslav Kratoska (RBCB/TEF31.1)"
"bj-c-003tv","10.53.227.86","2026-01-08T09:00:00.000+0100","Bosch Intranet","Office_WLAN",NONE,NONE,"2025-09-09T14:13:24.000+00:00","n/a","Central Europe2","Miroslav Kratoska (RBCB/TEF31.1)"
"bj-c-003tv","10.53.227.86","2026-01-08T09:00:00.000+0100","Bosch Intranet","Office_WLAN",NONE,NONE,"2025-09-09T14:13:24.000+00:00","n/a","Central Europe2","Miroslav Kratoska (RBCB/TEF31.1)"
"bj-c-003tv","10.53.227.86","2026-01-08T09:00:00.000+0100","Bosch Intranet","Office_WLAN",NONE,NONE,"2025-09-09T14:13:24.000+00:00","n/a","Central Europe2","Miroslav Kratoska (RBCB/TEF31.1)"
"bj-c-003tv","10.53.227.86","2026-01-08T09:00:00.000+0100","Bosch Intranet","Office_WLAN",NONE,NONE,"2025-09-09T14:13:24.000+00:00","n/a","Central Europe2","Miroslav Kratoska (RBCB/TEF31.1)"
"bj-c-003tv","10.53.227.86","2026-01-08T09:00:00.000+0100","Bosch Intranet","Office_WLAN",NONE,NONE,"2025-09-09T14:13:24.000+00:00","n/a","Central Europe2","Miroslav Kratoska (RBCB/TEF31.1)"
"bj-c-003tv","10.53.227.86","2026-01-08T09:00:00.000+0100","Bosch Intranet","Office_WLAN",NONE,NONE,"2025-09-09T14:13:24.000+00:00","n/a","Central Europe2","Miroslav Kratoska (RBCB/TEF31.1)"
"bj-c-003tv","10.53.227.86","2026-01-08T09:00:00.000+0100","Bosch Intranet","Office_WLAN",NONE,NONE,"2025-09-09T14:13:24.000+00:00","n/a","Central Europe2","Miroslav Kratoska (RBCB/TEF31.1)"
"bj-c-003tv","10.53.227.86","2026-01-08T09:00:00.000+0100","Bosch Intranet","Office_WLAN",NONE,NONE,"2025-09-09T14:13:24.000+00:00","n/a","Central Europe2","Miroslav Kratoska (RBCB/TEF31.1)"
"st24-c-0001j","10.61.162.138","2026-01-09T07:00:00.000+0100","Bosch Intranet",Office,NONE,NONE,"2025-09-09T14:13:24.000+00:00","n/a","Germany Middle Feuerbach","S Anandkumar (C/IPG)"
homa1015,"10.7.149.90","2026-01-09T07:00:00.000+0100","Bosch Security Layer",Manufacturing,"MFZ-SL4-HO-205_HOP1_302_UFM_V205","DE_Ho_Homburg",,,,
"ps-hop1-d05623","10.7.152.227","2026-01-09T07:00:00.000+0100","Bosch Security Layer",Manufacturing,"MFZ-SL4-HO-601_HO","DE_Ho_Homburg","2025-09-09T14:13:24.000+00:00","HOMA1651, Loesewinkelkontrolle","ITM-PS-HoP1 CSG","Armin Schirra (HoP1/MOE4)"
"ps-hop1-d04608","10.7.157.8","2026-01-09T07:00:00.000+0100","Bosch Security Layer",Manufacturing,"MFZ-SL4-HO-622_HOP1_202_FEINMESSRAUM_V622","DE_Ho_Homburg","2025-09-09T14:13:24.000+00:00","homa1638, Messrechner, Mahr MarForm MMQ400","ITM-PS-HoP1 CSG","Dirk Schoenborn (HoP1/MOE10)"
ho0nt208,"10.7.170.200","2026-01-09T07:00:00.000+0100","Bosch Security Layer",Manufacturing,"MFZ-SL4-HO-614_101_CRI3_M_P_HO","DE_Ho_Homburg",,,,
"ho0cri3cl01-old","10.7.170.220","2026-01-09T07:00:00.000+0100","Bosch Security Layer",Manufacturing,"MFZ-SL4-HO-614_101_CRI3_M_P_HO","DE_Ho_Homburg",,,,
"ho0cri3cl02-old","10.7.170.221","2026-01-09T07:00:00.000+0100","Bosch Security Layer",Manufacturing,"MFZ-SL4-HO-614_101_CRI3_M_P_HO","DE_Ho_Homburg",,,,
homa1173,"10.7.229.193","2026-01-09T07:00:00.000+0100","Bosch Intranet",Office,NONE,NONE,"2025-09-09T14:13:24.000+00:00","Prüfplatz / Messplatz Sperrventil","ITM-DC-HoP2 CSG",
ho0crin4pcd,"10.7.249.154","2026-01-09T07:00:00.000+0100","Bosch Intranet",Server,NONE,NONE,,,,
si0vm10438,"10.73.238.51","2026-01-09T06:00:00.000+0100","Bosch Intranet",Server,NONE,NONE,"2025-09-09T14:13:24.000+00:00","PS-EC Retis Application Server","ESX Server Service",
si0vm10438,"10.73.238.51","2026-01-09T06:00:00.000+0100","Bosch Intranet",Server,NONE,NONE,"2025-12-22T04:00:30.000+00:00","PS-EC Retis Application Server","Nutanix Server Service",
htvmfspmwtrep2,"10.76.12.136","2026-01-09T07:00:00.000+0100","Bosch Security Layer",Office,"DFZ-SL4-HTV-0700_LABANDRFID","HU_Htv_Hatvan",,,,
htvnp015,"10.76.2.172","2026-01-09T07:00:00.000+0100","Bosch Security Layer",Manufacturing,"MFZ-SL4-HTV-762_MMXTFANDRC","HU_Htv_Hatvan","2025-09-09T14:13:24.000+00:00","WT-loader-unloader 1 FunctionTest","ITM-AE-HTV CSG","Patrick Haeussler (HtvP/MSE3.3)"
na,"10.76.2.38","2026-01-09T07:00:00.000+0100","Bosch Security Layer",Manufacturing,"MFZ-SL4-HTV-762_MMXTFANDRC","HU_Htv_Hatvan",,,,
na,"10.76.2.39","2026-01-09T07:00:00.000+0100","Bosch Security Layer",Manufacturing,"MFZ-SL4-HTV-762_MMXTFANDRC","HU_Htv_Hatvan","2025-09-09T14:13:24.000+00:00","UNI 20 testchamber tester","ITM-AE-HTV CSG","Bence Kovacs (HtvP/MSE4.5-P)"
na,"10.76.2.40","2026-01-09T07:00:00.000+0100","Bosch Security Layer",Manufacturing,"MFZ-SL4-HTV-762_MMXTFANDRC","HU_Htv_Hatvan","2025-09-09T14:13:24.000+00:00","UNI 22 testchamber tester","ITM-AE-HTV CSG","Bence Kovacs (HtvP/MSE4.5-P)"
htvnp082,"10.76.2.58","2026-01-09T07:00:00.000+0100","Bosch Security Layer",Manufacturing,"MFZ-SL4-HTV-762_MMXTFANDRC","HU_Htv_Hatvan","2025-09-09T14:13:24.000+00:00","UNI 82 testchamber tester","ITM-AE-HTV CSG","Bence Kovacs (HtvP/MSE4.5-P)"
htvnp056,"10.76.2.61","2026-01-09T07:00:00.000+0100","Bosch Security Layer",Manufacturing,"MFZ-SL4-HTV-762_MMXTFANDRC","HU_Htv_Hatvan","2025-09-09T14:13:24.000+00:00","SMx TnF","ITM-AE-HTV CSG","Patrick Haeussler (HtvP/MSE3.3)"
htvnp057,"10.76.2.62","2026-01-09T07:00:00.000+0100","Bosch Security Layer",Manufacturing,"MFZ-SL4-HTV-762_MMXTFANDRC","HU_Htv_Hatvan","2025-09-09T14:13:24.000+00:00","SMx TnF","ITM-AE-HTV CSG","Patrick Haeussler (HtvP/MSE3.3)"
htvnp034,"10.76.2.79","2026-01-09T07:00:00.000+0100","Bosch Security Layer",Manufacturing,"MFZ-SL4-HTV-762_MMXTFANDRC","HU_Htv_Hatvan","2025-09-09T14:13:24.000+00:00","SMx TnF","ITM-AE-HTV CSG","Patrick Haeussler (HtvP/MSE3.3)"
na,"10.76.2.8","2026-01-09T07:00:00.000+0100","Bosch Security Layer",Manufacturing,"MFZ-SL4-HTV-762_MMXTFANDRC","HU_Htv_Hatvan","2025-09-09T14:13:24.000+00:00","GR N2 Cabinet nr.10","ITM-AE-HTV CSG","Patrick Haeussler (HtvP/MSE3.3)"
cngvm00042,"10.8.144.145","2026-01-09T07:00:00.000+0100","Bosch Intranet",Server,NONE,NONE,"2025-09-09T14:13:24.000+00:00","Server for Robot Real-time Management System","ESX Server Service",
cngvm00049,"10.8.144.154","2026-01-09T07:00:00.000+0100","Bosch Intranet",Server,NONE,NONE,"2025-09-09T14:13:24.000+00:00","Database server for Digital Problem Solving Knowledge Project","ESX Server Service",
liz84153,"10.89.149.249","2026-01-09T07:00:00.000+0100","Bosch Security Layer",Engineering,"ENZ-SL4-LIZ-0312_SEC_ITL-HALLE1_UNSECURE","AT_Liz_Linz",,,,
na,"173.157.9.30","2026-01-09T07:00:00.000+0100","Bosch Security Layer",Manufacturing,"MFZ-ACL-SL4-NA-1_MGMT_VLAN","IN_Na_Nashik","2025-09-09T14:13:24.000+00:00","CRI Assembly line 3 server","Basic Server Service non CI managed",
AD1CDACF0,na,"2026-01-08T20:00:00.000+0100",Internet,NONE,NONE,NONE,,,,
"AF-00011",na,"2026-01-08T22:00:00.000+0100",Internet,NONE,NONE,NONE,"2025-09-09T14:13:24.000+00:00","BAZ 1-1 VPP40","ITM-DC-AF-AfP-TEF5 CSG","Peter Nepf (AfP/MOE)"
"AF-00016",na,"2026-01-08T17:00:00.000+0100",Internet,NONE,NONE,NONE,"2025-09-09T14:13:24.000+00:00","BAZ 1-4 VSP40","ITM-DC-AF-AfP-TEF5 CSG","Peter Nepf (AfP/MOE)"
"AF-00018",na,"2026-01-08T17:00:00.000+0100",Internet,NONE,NONE,NONE,"2025-09-09T14:13:24.000+00:00","BAZ 1-5 VSP40","ITM-DC-AF-AfP-TEF5 CSG","Peter Nepf (AfP/MOE)"
"AF-00019",na,"2026-01-08T18:00:00.000+0100",Internet,NONE,NONE,NONE,"2025-09-09T14:13:24.000+00:00","BAZ 1-5 VPP40","ITM-DC-AF-AfP-TEF5 CSG","Peter Nepf (AfP/MOE)"
"AF-00020",na,"2026-01-09T07:00:00.000+0100",Internet,NONE,NONE,NONE,"2025-09-09T14:13:24.000+00:00","Endreinigung Markert 1.2","ITM-DC-AF-AfP-TEF5 CSG","Peter Nepf (AfP/MOE)"
"AF-00025",na,"2026-01-09T03:00:00.000+0100",Internet,NONE,NONE,NONE,"2025-09-09T14:13:24.000+00:00","PalTec TRG2-1 Leitrechner","ITM-DC-AF-AfP-TEF5 CSG","Peter Nepf (AfP/MOE)"
"AF-00028","10.104.161.220","2026-01-08T23:00:00.000+0100","Bosch Security Layer",Manufacturing,"MFZ-SL4-AF-303_FERTIGUNG-SOFLEX","DE_Af_Augsfeld","2025-09-09T14:13:24.000+00:00","Vorreinigen Markert 2.1","ITM-DC-AF-AfP-TEF5 CSG","Peter Nepf (AfP/MOE)"
"AF-00033",na,"2026-01-09T03:00:00.000+0100",Internet,NONE,NONE,NONE,"2025-09-09T14:13:24.000+00:00","BAZ 2-3 VPP40","ITM-DC-AF-AfP-TEF5 CSG","Peter Nepf (AfP/MOE)"
"AF-00038",na,"2026-01-09T00:00:00.000+0100",Internet,NONE,NONE,NONE,"2025-09-09T14:13:24.000+00:00","BAZ 2-5 VSP40","ITM-DC-AF-AfP-TEF5 CSG","Peter Nepf (AfP/MOE)"
"AF-00043",na,"2026-01-08T23:00:00.000+0100",Internet,NONE,NONE,NONE,"2025-09-09T14:13:24.000+00:00","Honmaschine Messplatz 2","ITM-DC-AF-AfP-TEF5 CSG","Peter Nepf (AfP/MOE)"
"AF-00047",na,"2026-01-08T17:00:00.000+0100",Internet,NONE,NONE,NONE,"2025-09-09T14:13:24.000+00:00","Rüstplatz Linie 2.4","ITM-DC-AF-AfP-TEF5 CSG","Peter Nepf (AfP/MOE)"
"AF-00048",na,"2026-01-08T21:00:00.000+0100",Internet,NONE,NONE,NONE,"2025-09-09T14:13:24.000+00:00","Rüstplatz Linie 1.3","ITM-DC-AF-AfP-TEF5 CSG","Peter Nepf (AfP/MOE)"
"AF-VM001","10.104.160.164","2026-01-09T03:00:00.000+0100","Bosch Security Layer",Server,"LRSZ-SL4-AF-30_SERVER-UNSECURE-VMS","DE_Af_Augsfeld","2025-09-09T14:13:24.000+00:00","Soflex-Server (Produktionsplanung Gehäusefertigung)","ESX Server Service",
"AF-VM004","10.104.160.167","2026-01-08T14:00:00.000+0100","Bosch Security Layer",Server,"LRSZ-SL4-AF-30_SERVER-UNSECURE-VMS","DE_Af_Augsfeld","2025-09-09T14:13:24.000+00:00","Soflex-Server (Produktionsplanung Kolbenfertigung)","ESX Server Service",
"AF-Y1181",na,"2026-01-09T04:00:00.000+0100",Internet,NONE,NONE,NONE,"2025-09-09T14:13:24.000+00:00","Prüfstand RM535 Rechner 1","ITM-DC-AF-AfP-TEF5 CSG","Peter Nepf (AfP/MOE)"
"AF-Y1182",na,"2026-01-09T04:00:00.000+0100",Internet,NONE,NONE,NONE,"2025-09-09T14:13:24.000+00:00","Prüfstand RM535 Rechner 2","ITM-DC-AF-AfP-TEF5 CSG","Peter Nepf (AfP/MOE)"
AN0N0068,"10.15.184.20","2026-01-09T04:00:00.000+0100","Bosch Security Layer",Manufacturing,"MFZ-SL4-AN-225_FERTIGUNGSNETZ_BRECHSTATIONEN","DE_An_Ansbach",,,,
AN0NS24B,na,"2026-01-08T12:00:00.000+0100",Internet,NONE,NONE,NONE,,,,
AN0X1383,"10.15.184.4","2026-01-09T02:00:00.000+0100","Bosch Security Layer",Manufacturing,"MFZ-SL4-AN-225_FERTIGUNGSNETZ_BRECHSTATIONEN","DE_An_Ansbach",,,,
AN0X5250,"10.17.37.176","2026-01-08T14:00:00.000+0100","Bosch Security Layer",Manufacturing,"MFZ-SL4-AN-247_FERTIGUNGSNETZ_ABS9_L204_KTL2","DE_An_Ansbach",,,,
AN0Z1749,"10.15.159.94","2026-01-08T14:00:00.000+0100","Bosch Security Layer",Manufacturing,"MFZ-SL4-AN-204_FERTIGUNGSNETZ_ABS8_ENDMONTAGE_L3_8","DE_An_Ansbach",,,,
BA0PC20463,"10.16.224.51","2026-01-08T15:00:00.000+0100","Bosch Intranet",Office,NONE,NONE,"2025-09-09T14:13:24.000+00:00","Hr. Kloos Stefan OKM Messgeraet 09-01-0-0-0","Germany North East2","Stefan Kloos (BaP/W830-WS)"
BA0PC20613,na,"2026-01-09T01:00:00.000+0100",Internet,NONE,NONE,NONE,"2025-09-09T14:13:24.000+00:00","IPM Messgeraet 09-03-0-1-2","Germany North East2","Stefan Kloos (BaP/W830-WS)"
BA0PC6945,na,"2026-01-09T04:00:00.000+0100",Internet,NONE,NONE,NONE,"2025-09-09T14:13:24.000+00:00","Hr. Kloos Stefan 09-01-0-1-2","Germany North East2","Stefan Kloos (BaP/W830-WS)"
BA0X1212,"10.43.164.43","2026-01-09T01:00:00.000+0100","Bosch Security Layer",Manufacturing,"MFZ-SL4-BA-956_VLAN-956-FERTIGUNG_BAU207_AKTOR_ENTWICKLUNG","DE_Ba_Bamberg","2025-09-09T14:13:24.000+00:00","Olympus UC30","Germany North East2","Eugen Hohmann (BaP/MFE-ECR1)"
BA0Y1020,na,"2026-01-08T14:00:00.000+0100",Internet,NONE,NONE,NONE,"2025-09-09T14:13:24.000+00:00","GS-395016","Germany North East2","Stefan Kloos (BaP/W830-WS)"
BA0Y1021,na,"2026-01-09T01:00:00.000+0100",Internet,NONE,NONE,NONE,"2025-09-09T14:13:24.000+00:00","Messraum gr. Schreibtisch","Germany North East2","Stefan Kloos (BaP/W830-WS)"
BA0Y1026,na,"2026-01-08T16:00:00.000+0100",Internet,NONE,NONE,NONE,"2025-09-09T14:13:24.000+00:00","GS-395016","Germany North East2","Stefan Kloos (BaP/W830-WS)"
BA0Y1027,na,"2026-01-09T02:00:00.000+0100",Internet,NONE,NONE,NONE,"2025-09-09T14:13:24.000+00:00","GS-395016","Germany North East2","Stefan Kloos (BaP/W830-WS)"
BA0Y1028,"10.16.48.59","2026-01-09T02:00:00.000+0100","Bosch Intranet",Office,NONE,NONE,"2025-09-09T14:13:24.000+00:00","GS-395016 TTB7","Germany North East2","Stefan Kloos (BaP/W830-WS)"
BA0Z2228,na,"2026-01-09T03:00:00.000+0100",Internet,NONE,NONE,NONE,"2025-09-09T14:13:24.000+00:00","IPM-Blickle","Germany North East2","Stefan Kloos (BaP/W830-WS)"
HTVMFSPMWTREP2,na,"2026-01-09T06:00:00.000+0100",Internet,NONE,NONE,NONE,,,,
HTVNP013,na,"2026-01-08T23:00:00.000+0100",Internet,NONE,NONE,NONE,,,,
HTVNP015,na,"2026-01-09T03:00:00.000+0100",Internet,NONE,NONE,NONE,,,,
HTVNP034,na,"2026-01-08T13:00:00.000+0100",Internet,NONE,NONE,NONE,,,,
HTVNP038,na,"2026-01-09T06:00:00.000+0100",Internet,NONE,NONE,NONE,,,,
HTVNP053,na,"2026-01-09T05:00:00.000+0100",Internet,NONE,NONE,NONE,,,,
HTVNP054,na,"2026-01-09T07:00:00.000+0100",Internet,NONE,NONE,NONE,,,,
HTVNP057,na,"2026-01-08T20:00:00.000+0100",Internet,NONE,NONE,NONE,,,,
HTVNP065,na,"2026-01-09T01:00:00.000+0100",Internet,NONE,NONE,NONE,,,,
HTVNP066,na,"2026-01-09T07:00:00.000+0100",Internet,NONE,NONE,NONE,,,,
HTVNP078,na,"2026-01-08T18:00:00.000+0100",Internet,NONE,NONE,NONE,,,,
HTVNP081,na,"2026-01-09T01:00:00.000+0100",Internet,NONE,NONE,NONE,,,,
HTVNP091,na,"2026-01-09T07:00:00.000+0100",Internet,NONE,NONE,NONE,,,,
"ITM-AE-HTVP-035",na,"2026-01-08T13:00:00.000+0100",Internet,NONE,NONE,NONE,"2025-09-09T14:13:24.000+00:00","SMx TnF","ITM-AE-HTV CSG","Peter Kovacs (HtvP/MSE3.3-P2)"
"ITM-AE-HTVP-064",na,"2026-01-09T06:00:00.000+0100",Internet,NONE,NONE,NONE,"2025-09-09T14:13:24.000+00:00","MMx C04 Testchamber","ITM-AE-HTV CSG","Bence Kovacs (HtvP/MSE4.5-P)"
"ITM-AE-HTVP-089",na,"2026-01-09T07:00:00.000+0100",Internet,NONE,NONE,NONE,"2025-09-09T14:13:24.000+00:00","UNI 82 testchamber tester","ITM-AE-HTV CSG","Bence Kovacs (HtvP/MSE4.5-P)"
"ITM-AE-HTVP096",na,"2026-01-09T03:00:00.000+0100",Internet,NONE,NONE,NONE,"2025-09-09T14:13:24.000+00:00","MMx C11 Testchamber","ITM-AE-HTV CSG","Bence Kovacs (HtvP/MSE4.5-P)"
"JU-057082",na,"2026-01-08T16:00:00.000+0100",Internet,NONE,NONE,NONE,,,,
"JU-33B3F3",na,"2026-01-09T06:00:00.000+0100",Internet,NONE,NONE,NONE,"2025-09-09T14:13:24.000+00:00","VERIFICACION CONECTOR / DESKTOP","ITM-AE-JU-JUP1 CSG","Luis Enrique Cordero Villegas (JuP1/MFP51)"
"JU-3C7C6A",na,"2026-01-08T21:00:00.000+0100",Internet,NONE,NONE,NONE,"2025-09-09T14:13:24.000+00:00","FINAL / PC / TS5400","ITM-AE-JU-JUP1 CSG","Juan Angel Rascon Valdez (JuP1/MFP71)"
"PG-UT2524C",na,"2026-01-09T03:00:00.000+0100",Internet,NONE,NONE,NONE,,,,
"PG-UT2575C",na,"2026-01-09T07:00:00.000+0100",Internet,NONE,NONE,NONE,,,,
"PG-UT2955C",na,"2026-01-09T02:00:00.000+0100",Internet,NONE,NONE,NONE,,,,
"PG-UT2972C",na,"2026-01-08T16:00:00.000+0100",Internet,NONE,NONE,NONE,,,,
"PG-UT3331C",na,"2026-01-08T19:00:00.000+0100",Internet,NONE,NONE,NONE,,,,
"PG-UT3357C",na,"2026-01-09T07:00:00.000+0100",Internet,NONE,NONE,NONE,,,,
"PG-UT3467C",na,"2026-01-08T22:00:00.000+0100",Internet,NONE,NONE,NONE,,,,
PROMIKST2,na,"2026-01-09T02:00:00.000+0100",Internet,NONE,NONE,NONE,,,,
"RT-GURTER10","10.38.222.140","2026-01-08T11:00:00.000+0100","Bosch Security Layer",Manufacturing,"MFZ-SL4-RT-536_RT-ITM-RTP1","DE_Rt_Reutlingen","2025-09-09T14:13:24.000+00:00","BOS_Unigurter_10","ITM-AE-RT-RTP1 CSG","Matthias Ruoff (RtP1/MSB-AS3)"
"RT-GURTER17","10.38.222.153","2026-01-08T23:00:00.000+0100","Bosch Security Layer",Manufacturing,"MFZ-SL4-RT-536_RT-ITM-RTP1","DE_Rt_Reutlingen","2025-09-09T14:13:24.000+00:00","BOS_Unigurter_17","ITM-AE-RT-RTP1 CSG","Matthias Ruoff (RtP1/MSB-AS3)"
"RT-GURTER17","10.38.222.153","2026-01-08T23:00:00.000+0100","Bosch Security Layer",Manufacturing,"MFZ-SL4-RT-536_RT-ITM-RTP1","DE_Rt_Reutlingen","2025-09-09T14:13:24.000+00:00","BOS_Unigurter_17","ITM-AE-RT-RTP1 CSG","Matthias Ruoff (RtP1/MSB-AS3)"
"RT-GURTER22","10.38.222.163","2026-01-08T21:00:00.000+0100","Bosch Security Layer",Manufacturing,"MFZ-SL4-RT-536_RT-ITM-RTP1","DE_Rt_Reutlingen","2025-09-09T14:13:24.000+00:00","BOS_Unigurter_22","ITM-AE-RT-RTP1 CSG","Matthias Ruoff (RtP1/MSB-AS3)"
"RT-GURTER34","10.38.222.187","2026-01-08T15:00:00.000+0100","Bosch Security Layer",Manufacturing,"MFZ-SL4-RT-536_RT-ITM-RTP1","DE_Rt_Reutlingen","2025-09-09T14:13:24.000+00:00","ICOS_Gurter_34","ITM-AE-RT-RTP1 CSG","Matthias Ruoff (RtP1/MSB-AS3)"
"RT-OFENAEHR24","10.38.50.69","2026-01-09T02:00:00.000+0100","Bosch Security Layer",Manufacturing,"MFZ-SL4-RT-517_RT-ITM-RTP1","DE_Rt_Reutlingen","2025-09-09T14:13:24.000+00:00","Burnin_Remote1","ITM-AE-RT-RTP1 CSG","Roland Ramm (RtP1/MSB-AS2)"
"RT-OFENAEHR30",na,"2026-01-09T00:00:00.000+0100",Internet,NONE,NONE,NONE,"2025-09-09T14:13:24.000+00:00","Burnin_BI14","ITM-AE-RT-RTP1 CSG","Roland Ramm (RtP1/MSB-AS2)"
"RT-X4258",na,"2026-01-09T03:00:00.000+0100",Internet,NONE,NONE,NONE,"2025-09-09T14:13:24.000+00:00","Kipptisch_2_Abgleichen_2_X-Achse_W050","ITM-AE-RT-RTP1 CSG","Johannes Hollkott (RtP1/MSB-IS1)"
"RT-X5904",na,"2026-01-09T03:00:00.000+0100",Internet,NONE,NONE,NONE,"2025-09-09T14:13:24.000+00:00","3LASXL31_Anlagenrechner","ITM-AE-RT-RTP1 CSG","Andreas Hartlieb (RtP1/MSF-EN22)"
"RT-X7050","10.38.14.163","2026-01-08T23:00:00.000+0100","Bosch Security Layer",Manufacturing,"MFZ-SL4-RT-565_RT-ITM-RTP1","DE_Rt_Reutlingen","2025-09-09T14:13:24.000+00:00","Bestücker_5_Funktionstest","ITM-AE-RT-RTP1 CSG","Frank Wochner (RtP1/MSB-IS2)"
"RT-X7137","10.38.14.164","2026-01-08T17:00:00.000+0100","Bosch Security Layer",Manufacturing,"MFZ-SL4-RT-565_RT-ITM-RTP1","DE_Rt_Reutlingen","2025-09-09T14:13:24.000+00:00","Bestücker_5_Grohmann","ITM-AE-RT-RTP1 CSG","Frank Wochner (RtP1/MSB-IS2)"
"RT-X8682","10.13.236.110","2026-01-08T23:00:00.000+0100","Bosch Security Layer",Manufacturing,"MFZ-SL4-RT-236_RT-ITM-RTP1","DE_Rt_Reutlingen","2025-09-09T14:13:24.000+00:00","Uni_Kammer_Messrechner_68","ITM-AE-RT-RTP1 CSG","Johannes Hollkott (RtP1/MSB-IS1)"
"RT-Z01QH",na,"2026-01-08T11:00:00.000+0100",Internet,NONE,NONE,NONE,"2025-09-09T14:13:24.000+00:00","Uni_Kammer_Messrechner_24","ITM-AE-RT-RTP1 CSG","Johannes Hollkott (RtP1/MSB-IS1)"
"RT-Z01SH",na,"2026-01-08T09:00:00.000+0100",Internet,NONE,NONE,NONE,"2025-09-09T14:13:24.000+00:00","Bestuecker_3_MMX_Premold_Kontaktiertest_Nr.6","ITM-AE-RT-RTP1 CSG","Frank Wochner (RtP1/MSB-IS2)"
"RT-Z01SI",na,"2026-01-08T20:00:00.000+0100",Internet,NONE,NONE,NONE,"2025-09-09T14:13:24.000+00:00","Bestuecker_3_MMX_Premold_Funktionspruefung_Nr.6","ITM-AE-RT-RTP1 CSG","Frank Wochner (RtP1/MSB-IS2)"
"RT-Z038P",na,"2026-01-09T04:00:00.000+0100",Internet,NONE,NONE,NONE,"2025-09-09T14:13:24.000+00:00","Uni_Kammer_Messrechner_31","ITM-AE-RT-RTP1 CSG","Johannes Hollkott (RtP1/MSB-IS1)"
"RT-Z03ZN",na,"2026-01-08T12:00:00.000+0100",Internet,NONE,NONE,NONE,"2025-09-09T14:13:24.000+00:00","XENON_1_Gurter_1_SMP480_Leitrechner","ITM-AE-RT-RTP1 CSG","Kathrin Oesterle (RtP1/MSB-AS)"
"RT-Z07DB",na,"2026-01-08T22:00:00.000+0100",Internet,NONE,NONE,NONE,"2025-09-09T14:13:24.000+00:00","Bestuecker_4_MMX_Premold_Funktionsprüfung_Nr.7","ITM-AE-RT-RTP1 CSG","Frank Wochner (RtP1/MSB-IS2)"
"RT-Z07FT",na,"2026-01-08T15:00:00.000+0100",Internet,NONE,NONE,NONE,"2025-09-09T14:13:24.000+00:00","Uni_Kammer_Messrechner_45","ITM-AE-RT-RTP1 CSG","Johannes Hollkott (RtP1/MSB-IS1)"
"RT-Z07SN",na,"2026-01-08T10:00:00.000+0100",Internet,NONE,NONE,NONE,"2025-09-09T14:13:24.000+00:00","Uni_Kammer_Messrechner_46","ITM-AE-RT-RTP1 CSG","Johannes Hollkott (RtP1/MSB-IS1)"
"RT-Z3342",na,"2026-01-08T20:00:00.000+0100",Internet,NONE,NONE,NONE,"2025-09-09T14:13:24.000+00:00","Lenovo TC M55p Tower","Germany Middle South1","Tobias Hertkorn (RtP1/MFI3)"
"RT-Z4246",na,"2026-01-09T02:00:00.000+0100",Internet,NONE,NONE,NONE,"2025-09-09T14:13:24.000+00:00","Bestücken_2_MM3_Premold_Kontaktiertest_Nr.5","ITM-AE-RT-RTP1 CSG","Johannes Hollkott (RtP1/MSB-IS1)"
"RT-Z9770",na,"2026-01-08T15:00:00.000+0100",Internet,NONE,NONE,NONE,"2025-09-09T14:13:24.000+00:00","n\a","Germany Middle South1","Daniel Mauser (RtP1/MSF-EN23)"
RT025800,na,"2026-01-08T16:00:00.000+0100",Internet,NONE,NONE,NONE,"2025-09-09T14:13:24.000+00:00",2SORXI96,"ITM-AE-RT-RTP1 CSG","Peter Egger (RtP1/MSF-PTI6)"
RT090627,na,"2026-01-08T10:00:00.000+0100",Internet,NONE,NONE,NONE,"2025-09-09T14:13:24.000+00:00","QT35_Netzrechner","ITM-AE-RT-RTP1 CSG","Christian Renz (RtP1/MSF-PTI3)"
RT091446,na,"2026-01-09T00:00:00.000+0100",Internet,NONE,NONE,NONE,"2025-09-09T14:13:24.000+00:00","QF36_1","ITM-AE-RT-RTP1 CSG","Christian Renz (RtP1/MSF-PTI3)"
RT091831,na,"2026-01-08T23:00:00.000+0100",Internet,NONE,NONE,NONE,"2025-09-09T14:13:24.000+00:00","QT35_2_Messrechner","ITM-AE-RT-RTP1 CSG","Christian Renz (RtP1/MSF-PTI3)"
SBDETS025,na,"2026-01-08T18:00:00.000+0100",Internet,NONE,NONE,NONE,,,,
SBDETS224,na,"2026-01-08T17:00:00.000+0100",Internet,NONE,NONE,NONE,,,,
"TI-X002H",na,"2026-01-08T13:00:00.000+0100",Internet,NONE,NONE,NONE,"2025-09-09T14:13:24.000+00:00","M691 Buigautomaat 2 bendingline Fes in tray","ITM-ED-Ti CSG","Jurgen Hayen (MA-WS/QMM)"
TS3013MX,na,"2026-01-08T22:00:00.000+0100",Internet,NONE,NONE,NONE,,,,
